section,original_paragraph_or_item,change_required_by,change_type,minimal_edit_description,status
Abstract,Methods: This single-center retrospective study included,Consistency with frozen sensitivity results,VERSION_CONSISTENCY,Use the approved exploratory date-axis terminology.,APPLIED
Abstract,Results: PIV showed the highest discrimination,Consistency with frozen sensitivity results,VERSION_CONSISTENCY,Describe the later date-axis group without implying formal temporal validation.,APPLIED
Abstract,Conclusions: Multidimensional routine hematologic modeling,Reviewer 1 or Reviewer 2 comments,REVIEWER_REQUIRED,Keep the claim modest and state that clinical readiness is not established.,APPLIED
Methods: Study design and setting,This was a single-center retrospective observational study conducted,Reviewer 1 or Reviewer 2 comments,REVIEWER_REQUIRED,"Retain the period statement, remove machine-verification language, and qualify consecutive enrollment and date-axis interpretation.",APPLIED
Methods: Eligibility and study population,"Initially, 2,548 patient encounters were extracted",Editor Comments 1-10,EDITOR_REQUIRED,Distinguish source records from patients and separate missing diagnoses from ambiguous MI text.,APPLIED
Methods: Outcome definition,AMI phenotype was reconstructed independently from discharge-diagnosis text.,Editor Comments 1-10,EDITOR_REQUIRED,"State the discharge-text source, absence of independent adjudication, and role of supportive biomarkers.",APPLIED
Methods: Predictors and laboratory measurements,The Core-7 predictors were absolute neutrophil,Editor Comments 1-10,EDITOR_REQUIRED,State the exact source-row priority and timing limitations in the laboratory paragraph.,APPLIED
Methods: Conventional inflammatory indices,"Using absolute counts, we calculated NLR=Neut/Lymph",Reviewer 1 or Reviewer 2 comments,REVIEWER_REQUIRED,Clarify prespecification and the same-fold continuous comparator framework.,APPLIED
Methods: Model development and preprocessing,Core-7 used the seven CBC predictors,Reviewer 1 or Reviewer 2 comments,REVIEWER_REQUIRED,State clinical covariate missingness and training-fold median imputation.,APPLIED
Methods: Internal validation and uncertainty,Primary internal validation used stratified five-fold cross-validation repeated 10 times.,Editor Comments 1-10,EDITOR_REQUIRED,"Specify prediction aggregation, shared outer folds, training-only processing, and fixed-prediction bootstrap scope.",APPLIED
Methods: Temporal sensitivity analysis,"To comply with institutional privacy regulations, exact calendar dates",Editor Comments 1-10,EDITOR_REQUIRED,Distinguish fixed later-group evaluation from cross-validation and state split/buffer boundaries and counts.,APPLIED
Methods: date-axis heading,Temporal sensitivity analysis,Consistency with frozen sensitivity results,VERSION_CONSISTENCY,Name the analysis without implying calendar-time validation.,APPLIED
Methods: Phenotype and missingness sensitivity analyses,High-specificity phenotype results and strict-control results were treated,Editor Comments 1-10,EDITOR_REQUIRED,Explain high-specificity reduction and by-outcome fibrinogen missingness and pairing.,APPLIED
Methods: Reporting and reproducibility,Decision-curve analysis was deferred because,Reviewer 1 or Reviewer 2 comments,REVIEWER_REQUIRED,Add the requested exploratory DCA without claiming clinical utility.,APPLIED
Results: Study population,"Of the 2,279 eligible patients, 456 had definite AMI",Editor Comments 1-10,EDITOR_REQUIRED,Correct the diagnosis-availability accounting and clarify the final cohort flow.,APPLIED
Results: Figure 1 legend,Figure 1. Study population flow.,Editor Comments 1-10,EDITOR_REQUIRED,Align the legend with the revised patient-level flow.,APPLIED
Results: Figure 4 legend,Figure 4. Temporal sensitivity analysis.,Editor Comments 1-10,EDITOR_REQUIRED,Clarify the fixed date-axis groups and exploratory analysis status.,APPLIED
Results: Figure 5 legend,Figure 5. Robustness across sensitivity analyses.,Editor Comments 1-10,EDITOR_REQUIRED,Explain the absence of intervals for the alternative date-shift point estimates.,APPLIED
Results: Table 1 age denominators,Continuous variables are presented as median [interquartile range],Verified source-data correction,FACTUAL_CORRECTION,"Update the age denominator to the reproducibly rebuilt 1,820-person vector.",APPLIED
Results: internal model performance,Among the prespecified traditional inflammatory indices,Editor Comments 1-10,EDITOR_REQUIRED,State calibration prediction provenance and direct readers to group-level N/event counts.,APPLIED
Results: Clinical incremental value,"The baseline clinical model comprised age, sex, hypertension, and diabetes.",Editor Comments 1-10,EDITOR_REQUIRED,"Report the four models on the same N=1,705 sample and correct the paired confidence-interval precision.",APPLIED
Results: Temporal and diagnostic sensitivity,Because AMI prevalence varied across the deidentified time axis,Editor Comments 1-10,EDITOR_REQUIRED,"State frozen group counts, attenuated paired difference, and the non-validation interpretation.",APPLIED
Results: date-axis heading,Temporal and diagnostic sensitivity analyses,Consistency with frozen sensitivity results,VERSION_CONSISTENCY,Name the sensitivity analysis without implying formal temporal validation.,APPLIED
Results: Temporal Table 3 footnote,For the temporal sensitivity cohort using a +/-6-month buffer,Consistency with frozen sensitivity results,VERSION_CONSISTENCY,Use exploratory date-axis wording and avoid a validation claim.,APPLIED
Discussion: date-axis interpretation,The incremental advantage of Core-7 over PIV was attenuated,Reviewer 1 or Reviewer 2 comments,REVIEWER_REQUIRED,Clarify that the date-axis comparison is exploratory and not formal temporal validation.,APPLIED
Discussion: clinical positioning,Because all seven Core-7 variables are part of routine complete blood count testing,Reviewer 1 or Reviewer 2 comments,REVIEWER_REQUIRED,Remove any implication of current clinical readiness and state the troponin-comparator limitation.,APPLIED
Discussion: fibrinogen increment,Fibrinogen provided a reproducible increment over Core-7,Editor Comments 1-10,EDITOR_REQUIRED,Describe the fibrinogen increment conservatively and keep date-axis terminology precise.,APPLIED
Discussion: limitations,Several features strengthen the analysis,Reviewer 1 or Reviewer 2 comments,REVIEWER_REQUIRED,"Add the required age anchor limitation and concise selection, screening, and date-axis limitations.",APPLIED
Conclusions,Multidimensional analysis of routine CBC variables captured AMI-related information,Reviewer 1 or Reviewer 2 comments,REVIEWER_REQUIRED,Retain the original conclusion structure while limiting claims to modest internal phenotype discrimination.,APPLIED
Declarations: Ethics approval,The study was approved by the Ethics Committee of Xinjiang Medical University,Editor ethics request and Reviewer 1 Minor Comment 3,ETHICS_CORRECTION,Add the verified retrospective ethics approval number and regulatory-compliance statement.,APPLIED
Declarations: Consent to participate,All participants provided informed consent.,Editor ethics request and Reviewer 1 Minor Comment 3,ETHICS_CORRECTION,Correct the inaccurate universal-consent statement to the ethics-committee waiver.,APPLIED
Declarations: Consent for publication,Consent to publish: not applicable.,Editor ethics request and Reviewer 1 Minor Comment 3,ETHICS_CORRECTION,Use the journal's concise consent-for-publication declaration.,APPLIED
Table 1,Age row,Verified source-data correction,FACTUAL_CORRECTION,"Regenerate all Table 1 age summaries from the frozen 1,820-patient age source.",APPLIED
Table 3,Temporal sensitivity cohort (±6-month buffer),Consistency with frozen sensitivity results,VERSION_CONSISTENCY,Use exploratory date-axis and text-rule sensitivity terminology.,APPLIED
Table 3,High-specificity AMI cohort,Consistency with frozen sensitivity results,VERSION_CONSISTENCY,Use exploratory date-axis and text-rule sensitivity terminology.,APPLIED
Table 3,Conservative temporal sensitivity (±12-month buffer),Consistency with frozen sensitivity results,VERSION_CONSISTENCY,Use exploratory date-axis and text-rule sensitivity terminology.,APPLIED
Table 3,Alternative date-shift sensitivity cohort,Consistency with frozen sensitivity results,VERSION_CONSISTENCY,Use exploratory date-axis and text-rule sensitivity terminology.,APPLIED
