analysis,model,N,AUC,CI_lower,CI_upper,CI_present,CI_status,source,recalculated
Symmetric +/-182-day guard-band,Core-7,548.0,0.701320983905254,0.650080019451177,0.748251735919546,True,CI_AVAILABLE_MATCHES_FROZEN_REGISTRY,Figure5_source_data.csv,False
Symmetric +/-182-day guard-band,Enhanced,548.0,0.719283328272092,0.673123318912843,0.764397320695994,True,CI_AVAILABLE_MATCHES_FROZEN_REGISTRY,Figure5_source_data.csv,False
Symmetric +/-182-day guard-band,PIV,548.0,0.699058609170969,0.650921674353409,0.745437524599867,True,CI_AVAILABLE_MATCHES_FROZEN_REGISTRY,Figure5_source_data.csv,False
High-specificity phenotype,Core-7,426.0,0.770179146537842,0.717625941774559,0.820297985016248,True,CI_AVAILABLE_MATCHES_FROZEN_REGISTRY,Figure5_source_data.csv,False
High-specificity phenotype,Enhanced,426.0,0.786860909822866,0.736219137109494,0.831315509823214,True,CI_AVAILABLE_MATCHES_FROZEN_REGISTRY,Figure5_source_data.csv,False
High-specificity phenotype,PIV,426.0,0.749370974235105,0.69615521037182,0.799719177742511,True,CI_AVAILABLE_MATCHES_FROZEN_REGISTRY,Figure5_source_data.csv,False
Conservative +/-365-day buffer,Core-7,361.0,0.683737776168055,0.621764864864865,0.743850411320879,True,CI_AVAILABLE_MATCHES_FROZEN_REGISTRY,Figure5_source_data.csv,False
Conservative +/-365-day buffer,Enhanced,361.0,0.69934806229627,0.639396813267357,0.756260885819845,True,CI_AVAILABLE_MATCHES_FROZEN_REGISTRY,Figure5_source_data.csv,False
Conservative +/-365-day buffer,PIV,361.0,0.698044186888808,0.638394129354164,0.753711901719186,True,CI_AVAILABLE_MATCHES_FROZEN_REGISTRY,Figure5_source_data.csv,False
