variable,unit,overall,definite_ami,definite_non_ami_cad,p_value,available_denominator,lock_status,source
Age,years,"58.8 [50.4, 67.6]","57.4 [48.8, 66.5]","59.3 [50.9, 68.2]",0.004,1818/1820,FROZEN,"Submitted BMC main manuscript Table 1; age hotfix in user handoff"
Male,% ,"1452/1820 (79.8%)","376/453 (83.0%)","1076/1367 (78.7%)",0.049,1820/1820,FROZEN,"Submitted BMC main manuscript Table 1"
Hypertension,% ,"927/1741 (53.2%)","201/435 (46.2%)","726/1306 (55.6%)","<0.001",1741/1820,FROZEN,"Submitted BMC main manuscript Table 1"
Diabetes,% ,"459/1772 (25.9%)","109/442 (24.7%)","350/1330 (26.3%)",0.491,1772/1820,FROZEN,"Submitted BMC main manuscript Table 1"
Neutrophils,10^9/L,"4.4 [3.5, 6.0]","5.7 [4.0, 8.5]","4.2 [3.3, 5.3]","<0.001",1820/1820,FROZEN,"Submitted BMC main manuscript Table 1"
Lymphocytes,10^9/L,"2.0 [1.5, 2.5]","1.8 [1.3, 2.4]","2.0 [1.6, 2.5]","<0.001",1820/1820,FROZEN,"Submitted BMC main manuscript Table 1"
Monocytes,10^9/L,"0.5 [0.4, 0.7]","0.6 [0.4, 0.8]","0.5 [0.4, 0.6]","<0.001",1820/1820,FROZEN,"Submitted BMC main manuscript Table 1"
Platelets,10^9/L,"215.0 [178.0, 255.0]","224.0 [183.0, 266.0]","212.0 [175.5, 253.0]","<0.001",1820/1820,FROZEN,"Submitted BMC main manuscript Table 1"
MPV,fL,"10.3 [9.5, 11.1]","10.3 [9.6, 11.1]","10.3 [9.5, 11.1]",0.673,1820/1820,FROZEN,"Submitted BMC main manuscript Table 1"
RDW,% ,"13.1 [12.6, 13.6]","12.9 [12.4, 13.4]","13.1 [12.7, 13.6]","<0.001",1820/1820,FROZEN,"Submitted BMC main manuscript Table 1"
Hemoglobin,g/L,"142.0 [132.0, 152.0]","144.0 [134.0, 155.0]","141.0 [131.0, 152.0]",0.009,1820/1820,FROZEN,"Submitted BMC main manuscript Table 1"
Fibrinogen,g/L,"3.5 [3.1, 4.1]","3.8 [3.2, 4.5]","3.5 [3.1, 3.9]","<0.001",1820/1820,FROZEN,"Submitted BMC main manuscript Table 1"
