record_type,cohort_version,model,N,AMI_n,non_AMI_n,AUC,AUC_CI_lower,AUC_CI_upper,Brier,calibration_intercept,calibration_slope,comparison,delta_AUC,delta_CI_lower,delta_CI_upper,paired_N,paired_outer_folds,bootstrap_scope
model_performance,primary_full_1820,Clinical only,1820.0,453.0,1367.0,0.5545247403718363,0.5244522596039022,0.5858200362654873,0.18572977713993696,-0.09079093477503204,0.9169248251930839,,,,,,,1000 patient resamples of fixed mean OOF predictions; no model refits
model_performance,primary_full_1820,Clinical + PIV,1820.0,453.0,1367.0,0.7130565796421807,0.6848817560414782,0.7401185388621552,0.1660385147497102,0.01373849499256343,1.0141872365908255,,,,,,,1000 patient resamples of fixed mean OOF predictions; no model refits
model_performance,primary_full_1820,Clinical + Core-7,1820.0,453.0,1367.0,0.7292697145422453,0.7024121730923852,0.7575331527873268,0.1622846995440414,-0.019583039675745248,0.9799513900571019,,,,,,,1000 patient resamples of fixed mean OOF predictions; no model refits
model_performance,primary_full_1820,Clinical + Enhanced,1820.0,453.0,1367.0,0.7394126129792281,0.7135399842926861,0.766462688286434,0.16125368616208618,-0.004394937489853588,0.9957319501993112,,,,,,,1000 patient resamples of fixed mean OOF predictions; no model refits
model_performance,fibrinogen_complete_case_1705,Clinical only,1705.0,426.0,1279.0,0.5457333524210156,0.5147424413192908,0.5740583461841969,0.1866085740190173,-0.17796397893645505,0.8367861884905954,,,,,,,1000 patient resamples of fixed mean OOF predictions; no model refits
model_performance,fibrinogen_complete_case_1705,Clinical + PIV,1705.0,426.0,1279.0,0.7173316154419349,0.6893502574487285,0.7449272889056614,0.16552125865837147,0.008542774170252275,1.0082915346413452,,,,,,,1000 patient resamples of fixed mean OOF predictions; no model refits
model_performance,fibrinogen_complete_case_1705,Clinical + Core-7,1705.0,426.0,1279.0,0.730296556508716,0.7007148111291693,0.7554028826336779,0.1622998662694892,-0.035816338846284594,0.962372419956923,,,,,,,1000 patient resamples of fixed mean OOF predictions; no model refits
model_performance,fibrinogen_complete_case_1705,Clinical + Enhanced,1705.0,426.0,1279.0,0.740699343310318,0.7122190127169841,0.7700134176405231,0.1611871553894254,-0.01892592824794627,0.981098575539694,,,,,,,1000 patient resamples of fixed mean OOF predictions; no model refits
paired_delta_auc,primary_full_1820,,,,,,,,,,,Full cohort Clinical_Plus_PIV minus Clinical,0.15853183927034442,0.12245178494572051,0.19395550528299352,1820.0,IDENTICAL,fixed patient-level mean OOF probabilities; no model refits
paired_delta_auc,fibrinogen_complete_case_1705,,,,,,,,,,,Fibrinogen-complete cohort Clinical_Plus_PIV minus Clinical,0.1715982630209193,0.13411554482952553,0.2079634848148083,1705.0,IDENTICAL,fixed patient-level mean OOF probabilities; no model refits
paired_delta_auc,primary_full_1820,,,,,,,,,,,Full cohort Clinical_Plus_Core minus Clinical,0.17474497417040902,0.13854485597392863,0.21248389503248197,1820.0,IDENTICAL,fixed patient-level mean OOF probabilities; no model refits
paired_delta_auc,fibrinogen_complete_case_1705,,,,,,,,,,,Fibrinogen-complete cohort Clinical_Plus_Core minus Clinical,0.18456320408770044,0.14772602500981882,0.22563311839433023,1705.0,IDENTICAL,fixed patient-level mean OOF probabilities; no model refits
paired_delta_auc,primary_full_1820,,,,,,,,,,,Full cohort Clinical_Plus_Enhanced minus Clinical,0.1848878726073918,0.14758541114357676,0.22107355768219858,1820.0,IDENTICAL,fixed patient-level mean OOF probabilities; no model refits
paired_delta_auc,fibrinogen_complete_case_1705,,,,,,,,,,,Fibrinogen-complete cohort Clinical_Plus_Enhanced minus Clinical,0.19496599088930233,0.15670132978679965,0.23098736265484815,1705.0,IDENTICAL,fixed patient-level mean OOF probabilities; no model refits
paired_delta_auc,primary_full_1820,,,,,,,,,,,Full cohort Clinical_Plus_Core minus Clinical_Plus_PIV,0.016213134900064596,0.004045677943895531,0.028215767025097496,1820.0,IDENTICAL,fixed patient-level mean OOF probabilities; no model refits
paired_delta_auc,fibrinogen_complete_case_1705,,,,,,,,,,,Fibrinogen-complete cohort Clinical_Plus_Core minus Clinical_Plus_PIV,0.012964941066781144,0.00039098609899128084,0.025073671226689423,1705.0,IDENTICAL,fixed patient-level mean OOF probabilities; no model refits
paired_delta_auc,primary_full_1820,,,,,,,,,,,Full cohort Clinical_Plus_Enhanced minus Clinical_Plus_PIV,0.02635603333704739,0.011469947170908268,0.04034878311619231,1820.0,IDENTICAL,fixed patient-level mean OOF probabilities; no model refits
paired_delta_auc,fibrinogen_complete_case_1705,,,,,,,,,,,Fibrinogen-complete cohort Clinical_Plus_Enhanced minus Clinical_Plus_PIV,0.023367727868383037,0.010637561554499039,0.038660233931906124,1705.0,IDENTICAL,fixed patient-level mean OOF probabilities; no model refits
paired_delta_auc,primary_full_1820,,,,,,,,,,,Full cohort Clinical_Plus_Enhanced minus Clinical_Plus_Core,0.010142898436982795,0.0030482154633099112,0.016776408668123834,1820.0,IDENTICAL,fixed patient-level mean OOF probabilities; no model refits
paired_delta_auc,fibrinogen_complete_case_1705,,,,,,,,,,,Fibrinogen-complete cohort Clinical_Plus_Enhanced minus Clinical_Plus_Core,0.010402786801601893,0.002961822423601859,0.017286797199053197,1705.0,IDENTICAL,fixed patient-level mean OOF probabilities; no model refits
