reviewer_id,exact_comment_summary,comment_source,scientific_issue,current_manuscript_status,existing_evidence,exact_source_file,exact_code/script,exact_result_object,source_data_required,new_analysis_required,ethics_author_input_required,feasibility_class,risk_level,recommended_response_strategy,WP2_action,manuscript_section_to_modify_later,status
E1,CBC/fibrinogen selection and timing,USER_WP1_INSTRUCTION_SUMMARY; VERBATIM_LETTER_NOT_RECOVERED,CBC/fibrinogen selection and timing,Downloaded EthicsNumber v1.2 reviewed; exact portal snapshot not verified,01_TIMING/CBC_INDEX_MEASUREMENT_RULE_AUDIT.md,master_cohort_cleaned.csv,scripts/06_hits_ami_predevelopment_v0_2.py,select_one_row_per_patient; build_patient_frame,YES,NO_AUTOMATIC_ANALYSIS,SOURCE_OWNER_IF_GAP,SOURCE_DATA_AUDIT_REQUIRED,CRITICAL,Recover index encounter and laboratory ETL; no pre-angiography claim,Recover index encounter and laboratory ETL; no pre-angiography claim,Methods,AUDITED_NOT_RESPONSE_READY
E2,AMI label provenance and clinical adjudication,USER_WP1_INSTRUCTION_SUMMARY; VERBATIM_LETTER_NOT_RECOVERED,AMI label provenance and clinical adjudication,Downloaded EthicsNumber v1.2 reviewed; exact portal snapshot not verified,02_PHENOTYPE/AMI_LABEL_PROVENANCE_AUDIT.md,master_cohort_cleaned.csv,scripts/06_hits_ami_predevelopment_v0_2.py,classify_diagnosis,NO_FOR_EXISTING_REPORT,NO_AUTOMATIC_ANALYSIS,SOURCE_OWNER_IF_GAP,EXISTING_RESULT_NEEDS_REPORTING,HIGH,Report text-derived phenotype; do not invent adjudication,Report text-derived phenotype; do not invent adjudication,Methods/limitations,AUDITED_NOT_RESPONSE_READY
E3,Reconcile2548 to2279,USER_WP1_INSTRUCTION_SUMMARY; VERBATIM_LETTER_NOT_RECOVERED,Reconcile2548 to2279,Downloaded EthicsNumber v1.2 reviewed; exact portal snapshot not verified,03_COHORT_FLOW/MOST_COMPLETE_RECORD_SELECTION_RULE.md,master_cohort_cleaned.csv,scripts/06_hits_ami_predevelopment_v0_2.py,select_one_row_per_patient,NO_FOR_EXISTING_REPORT,NO_AUTOMATIC_ANALYSIS,SOURCE_OWNER_IF_GAP,EXISTING_RESULT_NEEDS_REPORTING,HIGH,"Report269 surplus rows, not269 proven repeat admissions","Report269 surplus rows, not269 proven repeat admissions",Flow/Methods,AUDITED_NOT_RESPONSE_READY
E4,"Nested validation, aggregation and bootstrap",USER_WP1_INSTRUCTION_SUMMARY; VERBATIM_LETTER_NOT_RECOVERED,"Nested validation, aggregation and bootstrap",Downloaded EthicsNumber v1.2 reviewed; exact portal snapshot not verified,04_VALIDATION/VALIDATION_PIPELINE_AUDIT.md,HITS_V0.3.1_verified_completion_20260825/05_nested_cv_robustness.csv,HITS_V0.3.1_verified_completion_20260825/scripts/01_run_hits_v0_3_1_verified_completion.py,run_nested_oof; patient_mean_predictions; bootstrap_auc_ci,NO_FOR_EXISTING_REPORT,NO_AUTOMATIC_ANALYSIS,SOURCE_OWNER_IF_GAP,EXISTING_RESULT_NEEDS_REPORTING,MODERATE,Report5x10/inner5 and fixed averaged-prediction bootstrap,Report5x10/inner5 and fixed averaged-prediction bootstrap,Statistics,AUDITED_NOT_RESPONSE_READY
E5,Temporal validation design,USER_WP1_INSTRUCTION_SUMMARY; VERBATIM_LETTER_NOT_RECOVERED,Temporal validation design,Downloaded EthicsNumber v1.2 reviewed; exact portal snapshot not verified,04_VALIDATION/TEMPORAL_SENSITIVITY_ANALYSIS_AUDIT.md,HITS_V0.5.2_PUBLICATION_FREEZE/04_CANONICAL_RESULT_REGISTRY.csv,scripts/12_hits_v0_5_shift_robust_validation.py,assign_guard_groups; execute_guardband; date_bound_proof,YES,NO_AUTOMATIC_ANALYSIS,SOURCE_OWNER_IF_GAP,SOURCE_DATA_AUDIT_REQUIRED,CRITICAL,Verify date lineage before temporal claim; retain frozen estimates,Verify date lineage before temporal claim; retain frozen estimates,Methods/limitations,AUDITED_NOT_RESPONSE_READY
E6,High-specificity phenotype flow,USER_WP1_INSTRUCTION_SUMMARY; VERBATIM_LETTER_NOT_RECOVERED,High-specificity phenotype flow,Downloaded EthicsNumber v1.2 reviewed; exact portal snapshot not verified,02_PHENOTYPE/HIGH_SPECIFICITY_AMI_COHORT_AUDIT.md,master_cohort_cleaned.csv,scripts/12_hits_v0_5_shift_robust_validation.py,high_specificity_flag; guard_masks,NO_FOR_EXISTING_REPORT,NO_AUTOMATIC_ANALYSIS,SOURCE_OWNER_IF_GAP,EXISTING_RESULT_NEEDS_REPORTING,HIGH,Explain453 to178 to138; later R flowchart only after approval,Explain453 to178 to138; later R flowchart only after approval,Supplement,AUDITED_NOT_RESPONSE_READY
E7,Fibrinogen missingness and same-sample comparison,USER_WP1_INSTRUCTION_SUMMARY; VERBATIM_LETTER_NOT_RECOVERED,Fibrinogen missingness and same-sample comparison,Downloaded EthicsNumber v1.2 reviewed; exact portal snapshot not verified,05_MISSINGNESS/FIBRINOGEN_FAIR_COMPARISON_AUDIT.md,HITS_V0.3.1_verified_completion_20260825/10_fibrinogen_complete_case_sensitivity.csv,HITS_V0.3.1_verified_completion_20260825/scripts/01_run_hits_v0_3_1_verified_completion.py,main: primary_fbg_cc; paired_delta,NO_FOR_EXISTING_REPORT,NO_AUTOMATIC_ANALYSIS,SOURCE_OWNER_IF_GAP,EXISTING_RESULT_NEEDS_REPORTING,MODERATE,Report by-outcome availability and paired CC comparison,Report by-outcome availability and paired CC comparison,Results/Supplement,AUDITED_NOT_RESPONSE_READY
E8,Clinical missingness and full incremental performance,USER_WP1_INSTRUCTION_SUMMARY; VERBATIM_LETTER_NOT_RECOVERED,Clinical missingness and full incremental performance,Downloaded EthicsNumber v1.2 reviewed; exact portal snapshot not verified,05_MISSINGNESS/AGE_DEFINITION_DISCREPANCY.md,HITS_V0.3.1_verified_completion_20260825/08_clinical_incremental_models.csv,scripts/06_hits_ami_predevelopment_v0_2.py; HITS_V0.3.1_verified_completion_20260825/scripts/01_run_hits_v0_3_1_verified_completion.py,build_patient_frame; clinical_specs,YES,NO_AUTOMATIC_ANALYSIS,SOURCE_OWNER_IF_GAP,SOURCE_DATA_AUDIT_REQUIRED,HIGH,Recover corrected age vector before clinical-model reuse,Recover corrected age vector before clinical-model reuse,Methods/Results,AUDITED_NOT_RESPONSE_READY
E9,Calibration provenance and Figure5 intervals,USER_WP1_INSTRUCTION_SUMMARY; VERBATIM_LETTER_NOT_RECOVERED,Calibration provenance and Figure5 intervals,Downloaded EthicsNumber v1.2 reviewed; exact portal snapshot not verified,04_VALIDATION/CALIBRATION_PREDICTION_PROVENANCE.md,RECOVERED_FROM_DOWNLOADS_20260831/03_SUBMISSION_PACKS/HITS_BMC_Cardiovascular_Disorders_Submission_Pack_v1.0/04_SOURCE_TRACEABILITY/Figure_Source_Data_and_R_Scripts/Figure3_source_data.csv; HITS_V0.5.2_PUBLICATION_FREEZE/04_CANONICAL_RESULT_REGISTRY.csv,scripts/build_hits_manuscript_v1.R; HITS_V0.3.1_verified_completion_20260825/scripts/01_run_hits_v0_3_1_verified_completion.py,cal_curves; calibration_stats,YES,WP2_AUTHORIZATION_ONLY,SOURCE_OWNER_IF_GAP,SUBSTANTIAL_NEW_ANALYSIS_REQUIRED,CRITICAL,Recover canonical predictions; reconcile legacy figure branch; no rerun now,Recover canonical predictions; reconcile legacy figure branch; no rerun now,Figures/Table2,AUDITED_NOT_RESPONSE_READY
E10,Conclusions and clinical positioning,USER_WP1_INSTRUCTION_SUMMARY; VERBATIM_LETTER_NOT_RECOVERED,Conclusions and clinical positioning,Downloaded EthicsNumber v1.2 reviewed; exact portal snapshot not verified,08_REVISION_PLANNING/CONCLUSION_CLAIM_AUDIT.md,LOCAL_DOWNLOADS/HITS_BMC_Manuscript_v1.2_EthicsNumber.docx,NOT_APPLICABLE,Abstract/Discussion/Conclusions,NO_FOR_EXISTING_REPORT,NO_AUTOMATIC_ANALYSIS,SOURCE_OWNER_IF_GAP,EXISTING_RESULT_NEEDS_REPORTING,MODERATE,Acknowledge limited internal increment and temporal uncertainty,Acknowledge limited internal increment and temporal uncertainty,Discussion/Conclusions,AUDITED_NOT_RESPONSE_READY
E11,Human research guidelines statement,USER_WP1_INSTRUCTION_SUMMARY; VERBATIM_LETTER_NOT_RECOVERED,Human research guidelines statement,Downloaded EthicsNumber v1.2 reviewed; exact portal snapshot not verified,07_ETHICS/ETHICS_CONSENT_HARD_GATE.md,Author-confirmed approval K202602-10 and waiver; document not independently inspected,NOT_APPLICABLE,Guidelines requirement,NO_FOR_EXISTING_REPORT,NO_AUTOMATIC_ANALYSIS,NO,EXISTING_RESULT_NEEDS_REPORTING,MODERATE,Correct consent statement in WP3; do not publish ethics documents,Correct consent statement in WP3; do not publish ethics documents,Declarations,WP1R_AUTHOR_CONFIRMED_PENDING_WP3_TEXT_CORRECTION
R1-M1,Validation rigor and temporal generalizability,USER_WP1_INSTRUCTION_SUMMARY; VERBATIM_LETTER_NOT_RECOVERED,Validation rigor and temporal generalizability,Downloaded EthicsNumber v1.2 reviewed; exact portal snapshot not verified,04_VALIDATION/TEMPORAL_SENSITIVITY_ANALYSIS_AUDIT.md,HITS_V0.3.1_verified_completion_20260825/05_nested_cv_robustness.csv; HITS_V0.5.2_PUBLICATION_FREEZE/04_CANONICAL_RESULT_REGISTRY.csv,HITS_V0.3.1_verified_completion_20260825/scripts/01_run_hits_v0_3_1_verified_completion.py; scripts/12_hits_v0_5_shift_robust_validation.py,nested CV and fixed later validation,YES,NO_AUTOMATIC_ANALYSIS,SOURCE_OWNER_IF_GAP,SOURCE_DATA_AUDIT_REQUIRED,CRITICAL,Separate code verification from date-source validity,Separate code verification from date-source validity,Statistics/limitations,AUDITED_NOT_RESPONSE_READY
R1-M2,Core predictor collinearity,USER_WP1_INSTRUCTION_SUMMARY; VERBATIM_LETTER_NOT_RECOVERED,Core predictor collinearity,Downloaded EthicsNumber v1.2 reviewed; exact portal snapshot not verified,06_COMPARATORS/COLLINEARITY_EXISTING_EVIDENCE_AUDIT.md,HITS_V0.3.1_verified_completion_20260825/16_variable_stability.csv,HITS_V0.3.1_verified_completion_20260825/scripts/01_run_hits_v0_3_1_verified_completion.py,summary_stability; bootstrap_optimism,NO_FOR_EXISTING_REPORT,WP2_AUTHORIZATION_ONLY,SOURCE_OWNER_IF_GAP,LIGHTWEIGHT_NEW_ANALYSIS_REQUIRED,MODERATE,WP2 descriptive Spearman only; do not reselect,WP2 descriptive Spearman only; do not reselect,Supplement,AUDITED_NOT_RESPONSE_READY
R1-M3,Clinical covariate missingness handling,USER_WP1_INSTRUCTION_SUMMARY; VERBATIM_LETTER_NOT_RECOVERED,Clinical covariate missingness handling,Downloaded EthicsNumber v1.2 reviewed; exact portal snapshot not verified,05_MISSINGNESS/AGE_DEFINITION_DISCREPANCY.md,master_cohort_cleaned.csv; LOCAL_DOWNLOADS/HITS_BMC_Manuscript_v1.2_EthicsNumber.docx,scripts/06_hits_ami_predevelopment_v0_2.py; HITS_V0.3.1_verified_completion_20260825/scripts/01_run_hits_v0_3_1_verified_completion.py,build_patient_frame; FoldPreprocessor,YES,NO_AUTOMATIC_ANALYSIS,SOURCE_OWNER_IF_GAP,SOURCE_DATA_AUDIT_REQUIRED,HIGH,Resolve1818 versus1820; document fold-local imputation,Resolve1818 versus1820; document fold-local imputation,Methods/Table1,AUDITED_NOT_RESPONSE_READY
R1-M4,All traditional index benchmarks,USER_WP1_INSTRUCTION_SUMMARY; VERBATIM_LETTER_NOT_RECOVERED,All traditional index benchmarks,Downloaded EthicsNumber v1.2 reviewed; exact portal snapshot not verified,06_COMPARATORS/TRADITIONAL_INDEX_PERFORMANCE_INVENTORY.csv,HITS_V0.3.1_verified_completion_20260825/06_traditional_marker_comparison.csv,HITS_V0.3.1_verified_completion_20260825/scripts/01_run_hits_v0_3_1_verified_completion.py,benchmark_specs; performance_table,NO_FOR_EXISTING_REPORT,NO_AUTOMATIC_ANALYSIS,SOURCE_OWNER_IF_GAP,EXISTING_RESULT_NEEDS_REPORTING,LOW,Report all7 existing AUC/CI; PIV remains primary,Report all7 existing AUC/CI; PIV remains primary,Supplement,AUDITED_NOT_RESPONSE_READY
R1-M5,Repeat records and prior cardiovascular history,USER_WP1_INSTRUCTION_SUMMARY; VERBATIM_LETTER_NOT_RECOVERED,Repeat records and prior cardiovascular history,Downloaded EthicsNumber v1.2 reviewed; exact portal snapshot not verified,03_COHORT_FLOW/MOST_COMPLETE_RECORD_SELECTION_RULE.md,master_cohort_cleaned.csv; field_dictionary.csv,scripts/06_hits_ami_predevelopment_v0_2.py,select_one_row_per_patient,YES,NO_AUTOMATIC_ANALYSIS,SOURCE_OWNER_IF_GAP,SOURCE_DATA_AUDIT_REQUIRED,HIGH,Recover encounter/history semantics; row counts already reconcile,Recover encounter/history semantics; row counts already reconcile,Methods/Table1/flow,AUDITED_NOT_RESPONSE_READY
R1-M6,Fairness of PIV comparison,USER_WP1_INSTRUCTION_SUMMARY; VERBATIM_LETTER_NOT_RECOVERED,Fairness of PIV comparison,Downloaded EthicsNumber v1.2 reviewed; exact portal snapshot not verified,06_COMPARATORS/PIV_COMPARATOR_METHOD_AUDIT.md,HITS_V0.3.1_verified_completion_20260825/06_traditional_marker_comparison.csv,HITS_V0.3.1_verified_completion_20260825/scripts/01_run_hits_v0_3_1_verified_completion.py; scripts/12_hits_v0_5_shift_robust_validation.py,make_ordinary_pipeline; evaluate_cohort,NO_FOR_EXISTING_REPORT,NO_AUTOMATIC_ANALYSIS,SOURCE_OWNER_IF_GAP,EXISTING_RESULT_NEEDS_REPORTING,MODERATE,Explain internal log-logistic vs temporal ordinal comparison,Explain internal log-logistic vs temporal ordinal comparison,Statistics,AUDITED_NOT_RESPONSE_READY
R1-M7,Troponin comparison,USER_WP1_INSTRUCTION_SUMMARY; VERBATIM_LETTER_NOT_RECOVERED,Troponin comparison,Downloaded EthicsNumber v1.2 reviewed; exact portal snapshot not verified,06_COMPARATORS/TROPONIN_FEASIBILITY_AUDIT.md,master_cohort_cleaned.csv; field_dictionary.csv,09_CODE/audit_sources.py,TROPONIN_FIELD_INVENTORY.csv,YES,NO_AUTOMATIC_ANALYSIS,SOURCE_OWNER_IF_GAP,NOT_FEASIBLE_WITH_VALID_DATA,HIGH,Do not pool incomparable assays; request assay/ULN/time only if retrievable,Do not pool incomparable assays; request assay/ULN/time only if retrievable,Limitations,AUDITED_NOT_RESPONSE_READY
R1-m1,Consecutive screening,USER_WP1_INSTRUCTION_SUMMARY; VERBATIM_LETTER_NOT_RECOVERED,Consecutive screening,Downloaded EthicsNumber v1.2 reviewed; exact portal snapshot not verified,03_COHORT_FLOW/CONSECUTIVE_SCREENING_AND_SELECTION_BIAS_AUDIT.md,LOCAL_DOWNLOADS/HITS_BMC_Manuscript_v1.2_EthicsNumber.docx; master_cohort_cleaned.csv,scripts/03_create_reviewer_rescue_package.R; scripts/12_hits_v0_5_shift_robust_validation.py,source input/output paths; date_bound_proof,YES,NO_AUTOMATIC_ANALYSIS,SOURCE_OWNER_IF_GAP,SOURCE_DATA_AUDIT_REQUIRED,CRITICAL,Retrieve screening/extraction register; do not assert consecutive,Retrieve screening/extraction register; do not assert consecutive,Setting,AUDITED_NOT_RESPONSE_READY
R1-m2,CBC timing clarification,USER_WP1_INSTRUCTION_SUMMARY; VERBATIM_LETTER_NOT_RECOVERED,CBC timing clarification,Downloaded EthicsNumber v1.2 reviewed; exact portal snapshot not verified,01_TIMING/CBC_INDEX_MEASUREMENT_RULE_AUDIT.md,master_cohort_cleaned.csv,scripts/06_hits_ami_predevelopment_v0_2.py,select_one_row_per_patient; build_patient_frame,YES,NO_AUTOMATIC_ANALYSIS,SOURCE_OWNER_IF_GAP,SOURCE_DATA_AUDIT_REQUIRED,CRITICAL,"State completeness-ranked row, not first/pre-event sample","State completeness-ranked row, not first/pre-event sample",Methods,AUDITED_NOT_RESPONSE_READY
R1-m3,Informed consent in retrospective cohort,USER_WP1_INSTRUCTION_SUMMARY; VERBATIM_LETTER_NOT_RECOVERED,Informed consent in retrospective cohort,Downloaded EthicsNumber v1.2 reviewed; exact portal snapshot not verified,07_ETHICS/ETHICS_CONSENT_HARD_GATE.md,Author-confirmed approval K202602-10 and waiver; document not independently inspected,NOT_APPLICABLE,Consent declaration; user WP1 instruction,NO_FOR_EXISTING_REPORT,NO_AUTOMATIC_ANALYSIS,NO,EXISTING_RESULT_NEEDS_REPORTING,MODERATE,Correct conflicting manuscript statement in WP3; no ethics document upload,Correct conflicting manuscript statement in WP3; no ethics document upload,Declarations,WP1R_AUTHOR_CONFIRMED_PENDING_WP3_TEXT_CORRECTION
R2-1,DCA for clinical incremental models,USER_WP1_INSTRUCTION_SUMMARY; VERBATIM_LETTER_NOT_RECOVERED,DCA for clinical incremental models,Downloaded EthicsNumber v1.2 reviewed; exact portal snapshot not verified,06_COMPARATORS/DCA_FEASIBILITY_AUDIT.md,HITS_V0.3_score_development/17_v0_3_1_oof_patient_mean_predictions.csv (legacy only),HITS_V0.3.1_verified_completion_20260825/scripts/01_run_hits_v0_3_1_verified_completion.py,main: never persist records,YES,WP2_AUTHORIZATION_ONLY,SOURCE_OWNER_IF_GAP,SUBSTANTIAL_NEW_ANALYSIS_REQUIRED,HIGH,Canonical OOF recovery required before any authorized DCA,Canonical OOF recovery required before any authorized DCA,Supplement/limitations,AUDITED_NOT_RESPONSE_READY
