term,occurrence_n,excerpt,review_status
predict,24,"iated with fibrinogen. All analyses were phenotype-discrimination analyses rather than future-event prediction. Methods Study design and setting This was a single-center retrospective observational study at the Department of Cardiology, The First ",CONTEXT_REVIEW_REQUIRED
predict,24," or after discharge; they are not a prospective baseline rule or independent clinical adjudication. Predictors and laboratory measurements The Core-7 predictors were absolute neutrophil, lymphocyte, and monocyte counts, platelet count, MPV, RDW, a",CONTEXT_REVIEW_REQUIRED
predict,24,"seline rule or independent clinical adjudication. Predictors and laboratory measurements The Core-7 predictors were absolute neutrophil, lymphocyte, and monocyte counts, platelet count, MPV, RDW, and hemoglobin; fibrinogen was added only for the E",CONTEXT_REVIEW_REQUIRED
predict,24,"mized at data-derived cutoffs [3-17]. Model development and preprocessing Core-7 used the seven CBC predictors, and the Enhanced model additionally included fibrinogen. Elastic-net logistic regression evaluated inverse-penalty C values of 0.10, 1.",CONTEXT_REVIEW_REQUIRED
predict,24,"Brier score, calibration intercept, and calibration slope were calculated from the mean out-of-fold predictions. Confidence intervals were obtained from 1,000 patient-level bootstrap resamples of the fixed mean predictions and outcomes, without re",CONTEXT_REVIEW_REQUIRED
predict,24,". Confidence intervals were obtained from 1,000 patient-level bootstrap resamples of the fixed mean predictions and outcomes, without refitting the full model-development pipeline; they therefore do not include all model-development uncertainty. N",CONTEXT_REVIEW_REQUIRED
predict,24,"n-curve analysis was added using the same fibrinogen-complete N=1,705 patients and mean out-of-fold predictions for Clinical, Clinical+PIV, Clinical+Core-7, and Clinical+Enhanced models, with treat-all and treat-none references over thresholds 0.0",CONTEXT_REVIEW_REQUIRED
predict,24,"AST+AI used as reporting and self-audit guidance [28-30]. Detailed definitions, calibration groups, predictor stability, comparator results, and sensitivity analyses are provided in Additional files 1 and 2. Use of generative AI tools Generative A",CONTEXT_REVIEW_REQUIRED
predict,24,"n were 1,741, 1,772, and 1,705, respectively. These P-values were descriptive and were not used for predictor selection or model development. Hematologic model Core-7 jointly modeled immune-inflammatory, platelet-related, and erythrocyte-related m",CONTEXT_REVIEW_REQUIRED
predict,24,"e 2 shows ROC curves and Figure 3 shows calibration from the same mean 5-fold-by-10-repeat held-out predictions. Table 2. Internal cross-validated model performance and paired comparisons PIV, pan-immune-inflammation value. Enhanced = Core-7 plus ",CONTEXT_REVIEW_REQUIRED
predict,24,idation. Figure 2. Receiver operating characteristic curves from mean 5-fold-by-10-repeat held-out predictions; AUC labels are linked to the reported primary estimates. Figure 3. Calibration by 10 quantile groups from the same mean 5-fold-by-10-,CONTEXT_REVIEW_REQUIRED
predict,24,mates. Figure 3. Calibration by 10 quantile groups from the same mean 5-fold-by-10-repeat held-out predictions used for the reported calibration statistics. Clinical incremental value and fibrinogen enhancement The clinical baseline comprised age,CONTEXT_REVIEW_REQUIRED
predict,24,"gh-specificity comparison is based on discharge diagnosis text and is not prospective adjudication. Predictor stability Across 300 development bootstrap resamples, selection frequencies were 100% for neutrophils, lymphocytes, monocytes, platelets,",CONTEXT_REVIEW_REQUIRED
predict,24,iomarker adjudication for all patients. AUC intervals were bootstrapped from fixed mean out-of-fold predictions and do not capture full model-development uncertainty. The exploratory deidentified date-axis analysis is not formal temporal validatio,CONTEXT_REVIEW_REQUIRED
predict,24,"55. doi:10.3389/fcvm.2023.1248655. 5. Zhang C, et al. Systemic immune-inflammation index as a novel predictor of major adverse cardiovascular events in patients undergoing percutaneous coronary intervention: a meta-analysis of cohort studies. BMC ",CONTEXT_REVIEW_REQUIRED
predict,24,"ang Y, Li J, Zhang J. Pan-Immune-Inflammatory Value is Superior to Other Inflammatory Indicators in Predicting Inpatient Major Adverse Cardiovascular Events and Severe Coronary Artery Stenosis after Percutaneous Coronary Intervention in STEMI Pati",CONTEXT_REVIEW_REQUIRED
predict,24,"83/j.rcm2508294. PMID:39228482. 7. Mangalesh S, et al. Development of a Novel Inflammatory Index to Predict Coronary Artery Disease Severity in Patients With Acute Coronary Syndrome. Angiology. 2024;75:231-239. doi:10.1177/00033197231151564. 8. Ga",CONTEXT_REVIEW_REQUIRED
predict,24," PMID:28394006. 11. Willim HA, Harianto JC, Cipta H. Platelet-to-Lymphocyte Ratio at Admission as a Predictor of In-Hospital and Long-Term Outcomes in Patients With ST-Segment Elevation Myocardial Infarction Undergoing Primary Percutaneous Coronar",CONTEXT_REVIEW_REQUIRED
predict,24,":10.18637/jss.v033.i01. 20. Steyerberg EW, Vickers AJ, Cook NR, et al. Assessing the performance of prediction models: a framework for traditional and novel measures. Epidemiology. 2010;21:128-138. doi:10.1097/EDE.0b013e3181c30fb2. 21. van Calster",CONTEXT_REVIEW_REQUIRED
predict,24,"n Calster B, McLernon DJ, van Smeden M, Wynants L, Steyerberg EW. Calibration: the Achilles heel of predictive analytics. BMC Med. 2019;17:230. doi:10.1186/s12916-019-1466-7. 22. Brier GW. Verification of forecasts expressed in terms of probabilit",CONTEXT_REVIEW_REQUIRED
predict,24,"19425-7. 26. Riley RD, Snell KI, Ensor J, et al. Minimum sample size for developing a multivariable prediction model: Part II--binary and time-to-event outcomes. Stat Med. 2019;38:1276-1296. doi:10.1002/sim.7992. 27. Vickers AJ, Elkin EB. Decision",CONTEXT_REVIEW_REQUIRED
predict,24,":10.1002/sim.7992. 27. Vickers AJ, Elkin EB. Decision curve analysis: a novel method for evaluating prediction models. Med Decis Making. 2006;26:565-574. doi:10.1177/0272989X06295361. 28. von Elm E, Altman DG, Egger M, et al. The Strengthening the",CONTEXT_REVIEW_REQUIRED
predict,24,"l.pmed.0040296. 29. Collins GS, et al. TRIPOD+AI statement: updated guidance for reporting clinical prediction models that use regression or machine learning methods. BMJ. 2024;385:e078378. doi:10.1136/bmj-2023-078378. 30. Moons KGM, et al. PROBAS",CONTEXT_REVIEW_REQUIRED
predict,24,"ons KGM, et al. PROBAST+AI: an updated quality, risk of bias, and applicability assessment tool for prediction models using regression or artificial intelligence methods. BMJ. 2025;388:e082505. doi:10.1136/bmj-2024-082505. 31. R Core Team. R: A La",CONTEXT_REVIEW_REQUIRED
prediction,13,"iated with fibrinogen. All analyses were phenotype-discrimination analyses rather than future-event prediction. Methods Study design and setting This was a single-center retrospective observational study at the Department of Cardiology, The First Aff",CONTEXT_REVIEW_REQUIRED
prediction,13,"Brier score, calibration intercept, and calibration slope were calculated from the mean out-of-fold predictions. Confidence intervals were obtained from 1,000 patient-level bootstrap resamples of the fixed mean predictions and outcomes, without refit",CONTEXT_REVIEW_REQUIRED
prediction,13,". Confidence intervals were obtained from 1,000 patient-level bootstrap resamples of the fixed mean predictions and outcomes, without refitting the full model-development pipeline; they therefore do not include all model-development uncertainty. No u",CONTEXT_REVIEW_REQUIRED
prediction,13,"n-curve analysis was added using the same fibrinogen-complete N=1,705 patients and mean out-of-fold predictions for Clinical, Clinical+PIV, Clinical+Core-7, and Clinical+Enhanced models, with treat-all and treat-none references over thresholds 0.05-0",CONTEXT_REVIEW_REQUIRED
prediction,13,"e 2 shows ROC curves and Figure 3 shows calibration from the same mean 5-fold-by-10-repeat held-out predictions. Table 2. Internal cross-validated model performance and paired comparisons PIV, pan-immune-inflammation value. Enhanced = Core-7 plus fib",CONTEXT_REVIEW_REQUIRED
prediction,13,idation. Figure 2. Receiver operating characteristic curves from mean 5-fold-by-10-repeat held-out predictions; AUC labels are linked to the reported primary estimates. Figure 3. Calibration by 10 quantile groups from the same mean 5-fold-by-10-rep,CONTEXT_REVIEW_REQUIRED
prediction,13,"mates. Figure 3. Calibration by 10 quantile groups from the same mean 5-fold-by-10-repeat held-out predictions used for the reported calibration statistics. Clinical incremental value and fibrinogen enhancement The clinical baseline comprised age, s",CONTEXT_REVIEW_REQUIRED
prediction,13,"iomarker adjudication for all patients. AUC intervals were bootstrapped from fixed mean out-of-fold predictions and do not capture full model-development uncertainty. The exploratory deidentified date-axis analysis is not formal temporal validation, ",CONTEXT_REVIEW_REQUIRED
prediction,13,":10.18637/jss.v033.i01. 20. Steyerberg EW, Vickers AJ, Cook NR, et al. Assessing the performance of prediction models: a framework for traditional and novel measures. Epidemiology. 2010;21:128-138. doi:10.1097/EDE.0b013e3181c30fb2. 21. van Calster B,",CONTEXT_REVIEW_REQUIRED
prediction,13,"19425-7. 26. Riley RD, Snell KI, Ensor J, et al. Minimum sample size for developing a multivariable prediction model: Part II--binary and time-to-event outcomes. Stat Med. 2019;38:1276-1296. doi:10.1002/sim.7992. 27. Vickers AJ, Elkin EB. Decision cu",CONTEXT_REVIEW_REQUIRED
prediction,13,":10.1002/sim.7992. 27. Vickers AJ, Elkin EB. Decision curve analysis: a novel method for evaluating prediction models. Med Decis Making. 2006;26:565-574. doi:10.1177/0272989X06295361. 28. von Elm E, Altman DG, Egger M, et al. The Strengthening the Re",CONTEXT_REVIEW_REQUIRED
prediction,13,"l.pmed.0040296. 29. Collins GS, et al. TRIPOD+AI statement: updated guidance for reporting clinical prediction models that use regression or machine learning methods. BMJ. 2024;385:e078378. doi:10.1136/bmj-2023-078378. 30. Moons KGM, et al. PROBAST+A",CONTEXT_REVIEW_REQUIRED
prediction,13,"ons KGM, et al. PROBAST+AI: an updated quality, risk of bias, and applicability assessment tool for prediction models using regression or artificial intelligence methods. BMJ. 2025;388:e082505. doi:10.1136/bmj-2024-082505. 31. R Core Team. R: A Langu",CONTEXT_REVIEW_REQUIRED
predictive,1,"n Calster B, McLernon DJ, van Smeden M, Wynants L, Steyerberg EW. Calibration: the Achilles heel of predictive analytics. BMC Med. 2019;17:230. doi:10.1186/s12916-019-1466-7. 22. Brier GW. Verification of forecasts expressed in terms of probability. ",CONTEXT_REVIEW_REQUIRED
diagnostic,8,ospective cohort. Fibrinogen contributed a further small increment. These findings do not establish diagnostic or triage readiness; independent cohorts with prospectively time-anchored laboratory measurements and standardized clinical adjudication ar,CONTEXT_REVIEW_REQUIRED
diagnostic,8,". Smoking was not added. The full paired comparison is in Additional file 2, Table S8. Temporal and diagnostic sensitivity analyses The exploratory deidentified date-axis allocation included development N=1001 (AMI=196), buffer N=271 (AMI=79), and la",CONTEXT_REVIEW_REQUIRED
diagnostic,8,"phy hospitalization, so this is not formal temporal validation. Table 3. Robustness analyses across diagnostic and temporal sensitivity cohorts Sensitivity analyses are summarized in Table 3 and Figure 5. Date-axis analyses are descriptive and should",CONTEXT_REVIEW_REQUIRED
diagnostic,8,CI 0.003-0.031). This difference describes internal phenotype discrimination and does not establish diagnostic superiority. The biological rationale for this multidimensional approach is consistent with the pathophysiology of acute coronary events. N,CONTEXT_REVIEW_REQUIRED
diagnostic,8," 95% CI 0.002-0.017), a small increment. The present study was not designed to evaluate a real-time diagnostic, triage, or treatment-decision tool. Selected CBC timing relative to the index angiography hospitalization, initial AMI diagnosis, and trea",CONTEXT_REVIEW_REQUIRED
diagnostic,8,"y hospitalization; selected CBC measurements therefore cannot be assumed to be admission-first, pre-diagnostic, or pre-procedural. AMI phenotype was based on discharge-diagnosis text without independent cardiologist, ECG, imaging, or standardized bio",CONTEXT_REVIEW_REQUIRED
diagnostic,8,"in assays could not be harmonized to establish incremental value beyond a standardized contemporary diagnostic pathway. These limits motivate external evaluation using prospectively time-anchored laboratories, complete source lineage, and standardize",CONTEXT_REVIEW_REQUIRED
diagnostic,8,all increment. These findings are internally evaluated but should not be interpreted as evidence of diagnostic or triage readiness. Independent cohorts with prospectively time-anchored laboratory measurements and standardized clinical adjudication ar,CONTEXT_REVIEW_REQUIRED
diagnosis,17,"y disease. Methods: This single-center retrospective study included 1,820 patients with a discharge-diagnosis-defined AMI or non-AMI CAD phenotype. Core-7 jointly modeled seven routine CBC variables using elastic-net logistic regression. Internal pe",CONTEXT_REVIEW_REQUIRED
diagnosis,17,"ing a completeness-based selection rule rather than an earliest- or admission-first rule. Discharge-diagnosis text was available for 1,944 patients; 456 met the definite AMI text phenotype, 1,372 met the definite non-AMI CAD phenotype, 5 had an ambi",CONTEXT_REVIEW_REQUIRED
diagnosis,17,"ous MI mention, and 111 had no qualifying CAD/angina/MI phenotype. A further 335 lacked a discharge diagnosis. The required absolute neutrophil, lymphocyte, monocyte, and platelet measurements were available for 453 of 456 AMI and 1,367 of 1,372 non",CONTEXT_REVIEW_REQUIRED
diagnosis,17,", yielding the primary cohort of 1,820. Outcome definition AMI phenotype was derived from discharge-diagnosis text using prespecified rules. Definite AMI required explicit current acute or subacute MI wording, including unambiguous STEMI, NSTEMI, or",CONTEXT_REVIEW_REQUIRED
diagnosis,17,"onin adjudication was available for the full cohort; the phenotype therefore represents a discharge-diagnosis-text classification, not formal adjudication under the Fourth Universal Definition [2]. Primary and strict-control cohorts The primary coho",CONTEXT_REVIEW_REQUIRED
diagnosis,17,"ultiple source records, one patient-level record was selected by prioritizing a non-empty discharge diagnosis, greater completeness of absolute neutrophil, lymphocyte, monocyte, and platelet measurements, availability of a parsable WBC/CBC timestamp",CONTEXT_REVIEW_REQUIRED
diagnosis,17," final tie-break. The extract did not provide sufficient encounter-level identifiers or angiography/diagnosis timestamps to determine uniformly whether a selected measurement was the first admission sample or preceded angiography, diagnosis, or trea",CONTEXT_REVIEW_REQUIRED
diagnosis,17,"ne uniformly whether a selected measurement was the first admission sample or preceded angiography, diagnosis, or treatment. All 1,820 selected measurements therefore remain timing-unverified relative to the index angiography hospitalization and are",CONTEXT_REVIEW_REQUIRED
diagnosis,17,"tion and are interpreted as patient-level routine laboratory features associated with the discharge-diagnosis AMI phenotype. Conventional inflammatory indices Using absolute counts, we calculated NLR=Neut/Lymph, PLR=PLT/Lymph, MLR=Mono/Lymph, SII=PL",CONTEXT_REVIEW_REQUIRED
diagnosis,17, 288 strict CAD/angina controls; the other 40 later-group AMI records did not meet the prespecified diagnosis-text rule and should not be interpreted as adjudicated misclassifications. Fibrinogen availability and date linkage were audited; no tropon,CONTEXT_REVIEW_REQUIRED
diagnosis,17,"-level record was retained using the completeness-based rule. Among 1,944 patients with a discharge diagnosis, 456 met the definite AMI text definition, 1,372 met the definite non-AMI CAD text definition, 5 had an ambiguous MI mention, and 111 did n",CONTEXT_REVIEW_REQUIRED
diagnosis,17,"tion, and 111 did not meet the CAD/AMI phenotype target; 335 additional patients lacked a discharge diagnosis. Eight patients with a definite AMI or non-AMI CAD phenotype lacked one or more required core CBC measurements (3 AMI and 5 non-AMI CAD), l",CONTEXT_REVIEW_REQUIRED
diagnosis,17,"ld not be interpreted as temporal validation. The high-specificity comparison is based on discharge diagnosis text and is not prospective adjudication. Predictor stability Across 300 development bootstrap resamples, selection frequencies were 100% f",CONTEXT_REVIEW_REQUIRED
diagnosis,17,"t-decision tool. Selected CBC timing relative to the index angiography hospitalization, initial AMI diagnosis, and treatment was not uniformly established. A pooled troponin comparison was not methodologically valid because assay-platform details, U",CONTEXT_REVIEW_REQUIRED
diagnosis,17,"ete screening register or query record, so consecutive enrollment could not be confirmed. Discharge-diagnosis availability contributed to the source-row ranking, so selection was not outcome-blind at the level of diagnosis availability; the magnitud",CONTEXT_REVIEW_REQUIRED
diagnosis,17,"ilability contributed to the source-row ranking, so selection was not outcome-blind at the level of diagnosis availability; the magnitude of any resulting selection effect cannot be evaluated without the upstream extraction logic. Record consolidati",CONTEXT_REVIEW_REQUIRED
diagnosis,17,"umed to be admission-first, pre-diagnostic, or pre-procedural. AMI phenotype was based on discharge-diagnosis text without independent cardiologist, ECG, imaging, or standardized biomarker adjudication for all patients. AUC intervals were bootstrapp",CONTEXT_REVIEW_REQUIRED
triage,3,rt. Fibrinogen contributed a further small increment. These findings do not establish diagnostic or triage readiness; independent cohorts with prospectively time-anchored laboratory measurements and standardized clinical adjudication are required,CONTEXT_REVIEW_REQUIRED
triage,3,"2-0.017), a small increment. The present study was not designed to evaluate a real-time diagnostic, triage, or treatment-decision tool. Selected CBC timing relative to the index angiography hospitalization, initial AMI diagnosis, and treatment wa",CONTEXT_REVIEW_REQUIRED
triage,3, These findings are internally evaluated but should not be interpreted as evidence of diagnostic or triage readiness. Independent cohorts with prospectively time-anchored laboratory measurements and standardized clinical adjudication are required,CONTEXT_REVIEW_REQUIRED
clinical utility,1,"eat-all and treat-none references over thresholds 0.05-0.50 [27]. No threshold was optimized and no clinical utility or treatment benefit is inferred. Figures were generated in R from approved aggregate analysis outputs, each with independent source data a",CONTEXT_REVIEW_REQUIRED
validation,23,"tic-net logistic regression. Internal performance was evaluated by stratified outer five-fold cross-validation repeated 10 times, with five-fold tuning within each training set. PIV was the prespecified primary conventional comparator; fibrinogen was",CONTEXT_REVIEW_REQUIRED
validation,23,rction; coronary artery disease; complete blood count; hematologic biomarkers; fibrinogen; internal validation; calibration Background Acute myocardial infarction (AMI) in patients with coronary artery disease (CAD) reflects the interaction of plaque,CONTEXT_REVIEW_REQUIRED
validation,23,"0, and 10.00 and mixing parameters of 0.25, 0.50, and 0.75 with tuning performed by five-fold cross-validation within each outer training set. Neutrophils, lymphocytes, monocytes, platelets, and fibrinogen were log(1+x) transformed and standardized; ",CONTEXT_REVIEW_REQUIRED
validation,23,"plete-case Core/Enhanced comparison was also conducted in the same 1,705 patients [18,19]. Internal validation and uncertainty Primary internal validation used stratified outer five-fold cross-validation repeated 10 times, with five-fold tuning confi",CONTEXT_REVIEW_REQUIRED
validation,23," conducted in the same 1,705 patients [18,19]. Internal validation and uncertainty Primary internal validation used stratified outer five-fold cross-validation repeated 10 times, with five-fold tuning confined to each outer training set. Each patient",CONTEXT_REVIEW_REQUIRED
validation,23,"ternal validation and uncertainty Primary internal validation used stratified outer five-fold cross-validation repeated 10 times, with five-fold tuning confined to each outer training set. Each patient received one held-out probability per repeat; th",CONTEXT_REVIEW_REQUIRED
validation,23," be uniformly linked to the index angiography hospitalization, this analysis is not formal temporal validation and does not establish transportability. Phenotype and missingness sensitivity analyses High-specificity phenotype and strict-control resul",CONTEXT_REVIEW_REQUIRED
validation,23,alue. Enhanced = Core-7 plus fibrinogen. Performance estimates are based on repeated internal cross-validation. Figure 2. Receiver operating characteristic curves from mean 5-fold-by-10-repeat held-out predictions; AUC labels are linked to the repor,CONTEXT_REVIEW_REQUIRED
validation,23,"kage to the index angiography hospitalization was incomplete, these results are not formal temporal validation. Exploratory decision-curve analysis is shown in Supplementary Figure S1. Figure 4. Exploratory deidentified date-axis sensitivity allocat",CONTEXT_REVIEW_REQUIRED
validation,23," were not uniformly linked to the index angiography hospitalization, so this is not formal temporal validation. Table 3. Robustness analyses across diagnostic and temporal sensitivity cohorts Sensitivity analyses are summarized in Table 3 and Figure ",CONTEXT_REVIEW_REQUIRED
validation,23, Table 3 and Figure 5. Date-axis analyses are descriptive and should not be interpreted as temporal validation. The high-specificity comparison is based on discharge diagnosis text and is not prospective adjudication. Predictor stability Across 300 d,CONTEXT_REVIEW_REQUIRED
validation,23,"t be uniformly linked to the index angiography hospitalization; the analysis is not formal temporal validation and supports no transportability claim. Fibrinogen was missing for 115/1,820 patients (6.32%), including 27/453 AMI (5.96%) and 88/1,367 no",CONTEXT_REVIEW_REQUIRED
validation,23,"88/1,367 non-AMI CAD patients (6.44%). In the same 1,705 fibrinogen-complete patients and identical validation partitions, Enhanced AUC was 0.737 versus 0.727 for Core-7 (paired ΔAUC 0.010, 95% CI 0.002-0.017), a small increment. The present study wa",CONTEXT_REVIEW_REQUIRED
validation,23,"del-development uncertainty. The exploratory deidentified date-axis analysis is not formal temporal validation, and no independent external cohort was available. Troponin assays could not be harmonized to establish incremental value beyond a standard",CONTEXT_REVIEW_REQUIRED
validation,23,"bmit the work for publication. Authors' contributions JA: Conceptualization, Methodology, Software, Validation, Formal analysis, Investigation, Data curation, Writing - original draft, Writing - review & editing, Visualization, Project administration",CONTEXT_REVIEW_REQUIRED
validation,23,"original draft, Writing - review & editing, Visualization, Project administration. MP: Methodology, Validation, Investigation, Data curation, Writing - original draft, Writing - review & editing, Visualization. QX: Investigation, Resources, Data cura",CONTEXT_REVIEW_REQUIRED
validation,23,"inal draft, Writing - review & editing, Visualization. QX: Investigation, Resources, Data curation, Validation, Writing - review & editing. QP: Investigation, Resources, Data curation, Validation, Writing - review & editing. WJ: Investigation, Resour",CONTEXT_REVIEW_REQUIRED
validation,23,"Data curation, Validation, Writing - review & editing. QP: Investigation, Resources, Data curation, Validation, Writing - review & editing. WJ: Investigation, Resources, Data curation, Validation, Writing - review & editing. BF: Investigation, Resour",CONTEXT_REVIEW_REQUIRED
validation,23,"Data curation, Validation, Writing - review & editing. WJ: Investigation, Resources, Data curation, Validation, Writing - review & editing. BF: Investigation, Resources, Data curation, Validation, Writing - review & editing. FL: Methodology, Formal a",CONTEXT_REVIEW_REQUIRED
validation,23,"Data curation, Validation, Writing - review & editing. BF: Investigation, Resources, Data curation, Validation, Writing - review & editing. FL: Methodology, Formal analysis, Validation, Writing - review & editing. LZ: Resources, Validation, Writing -",CONTEXT_REVIEW_REQUIRED
validation,23,"Resources, Data curation, Validation, Writing - review & editing. FL: Methodology, Formal analysis, Validation, Writing - review & editing. LZ: Resources, Validation, Writing - review & editing, Supervision. XL: Conceptualization, Resources, Writing ",CONTEXT_REVIEW_REQUIRED
validation,23,"& editing. FL: Methodology, Formal analysis, Validation, Writing - review & editing. LZ: Resources, Validation, Writing - review & editing, Supervision. XL: Conceptualization, Resources, Writing - review & editing, Supervision, Project administration",CONTEXT_REVIEW_REQUIRED
validation,23,"diting, Supervision, Project administration, Funding acquisition. YY: Conceptualization, Resources, Validation, Writing - review & editing, Supervision. All authors read and approved the final manuscript. Acknowledgements Not applicable. Additional f",CONTEXT_REVIEW_REQUIRED
temporal validation,6,"could not be uniformly linked to the index angiography hospitalization, this analysis is not formal temporal validation and does not establish transportability. Phenotype and missingness sensitivity analyses High-specificity phenotype and strict-control resul",CONTEXT_REVIEW_REQUIRED
temporal validation,6," date linkage to the index angiography hospitalization was incomplete, these results are not formal temporal validation. Exploratory decision-curve analysis is shown in Supplementary Figure S1. Figure 4. Exploratory deidentified date-axis sensitivity allocat",CONTEXT_REVIEW_REQUIRED
temporal validation,6,"ble dates were not uniformly linked to the index angiography hospitalization, so this is not formal temporal validation. Table 3. Robustness analyses across diagnostic and temporal sensitivity cohorts Sensitivity analyses are summarized in Table 3 and Figure ",CONTEXT_REVIEW_REQUIRED
temporal validation,6,arized in Table 3 and Figure 5. Date-axis analyses are descriptive and should not be interpreted as temporal validation. The high-specificity comparison is based on discharge diagnosis text and is not prospective adjudication. Predictor stability Across 300 d,CONTEXT_REVIEW_REQUIRED
temporal validation,6," could not be uniformly linked to the index angiography hospitalization; the analysis is not formal temporal validation and supports no transportability claim. Fibrinogen was missing for 115/1,820 patients (6.32%), including 27/453 AMI (5.96%) and 88/1,367 no",CONTEXT_REVIEW_REQUIRED
temporal validation,6,"e full model-development uncertainty. The exploratory deidentified date-axis analysis is not formal temporal validation, and no independent external cohort was available. Troponin assays could not be harmonized to establish incremental value beyond a standard",CONTEXT_REVIEW_REQUIRED
pre-diagnostic,1,"raphy hospitalization; selected CBC measurements therefore cannot be assumed to be admission-first, pre-diagnostic, or pre-procedural. AMI phenotype was based on discharge-diagnosis text without independent cardiologist, ECG, imaging, or standardized bio",CONTEXT_REVIEW_REQUIRED
consecutive,2,"not recovered, so the stated period and eligibility could not be independently machine-verified and consecutive enrollment is not claimed. The research extract contained deidentified dates; selected laboratory measurements could not be uniformly linke",CONTEXT_REVIEW_REQUIRED
consecutive,2," single-center. The source export did not include a complete screening register or query record, so consecutive enrollment could not be confirmed. Discharge-diagnosis availability contributed to the source-row ranking, so selection was not outcome-bli",CONTEXT_REVIEW_REQUIRED
