model,analysis_id,N,AMI_n,mean_probability,sd_probability,min_probability,p25_probability,median_probability,p75_probability,max_probability
PIV,primary_core,1820,453,0.24890366759449775,0.14049846940658117,0.001962246306653608,0.1445827470186508,0.21537436474863897,0.3204794482573027,0.7943805504538697
Core-7,primary_core,1820,453,0.24889329595031645,0.15785931845418003,0.003798157665154219,0.13449149365703955,0.20436145444520754,0.3204458447677717,0.8630749613664127
Enhanced (full cohort),primary_enhanced_imputed,1820,453,0.2489425259962381,0.1613508103368265,0.0045620334602948145,0.12969196303878783,0.20104486667006433,0.3307574332443387,0.8945609023157475
Enhanced (complete case),primary_fbg_complete_case,1705,426,0.25001400561717874,0.16416649296080923,0.004661976240099239,0.126809220235058,0.2021930557740766,0.3321995143102278,0.9067437730017932
Clinical only,primary_clinical,1820,453,0.2488619958062398,0.0376740113556535,0.17371219306446417,0.21765368720960834,0.24457781508919296,0.2812591856838472,0.3376960685288356
Clinical + PIV,primary_clinical,1820,453,0.248969295118909,0.14083686060183578,0.002008781793751868,0.1445788691123383,0.2143855570682538,0.3213437179422446,0.7965193839878795
Clinical + Core-7,primary_clinical,1820,453,0.2488582395750066,0.15880119696144454,0.006298764115287481,0.1359211772376902,0.20433113783472778,0.3169249322869177,0.8939643953539651
Clinical + Enhanced (full cohort),primary_clinical,1820,453,0.24893541464903837,0.16107235787659757,0.009255105826511584,0.13092472758909623,0.19945486967679585,0.32978497561037395,0.9098298452741901
Clinical only (complete case),primary_clinical_fbg_complete_case,1705,426,0.24977203680763246,0.03392542605612661,0.17323117315280276,0.22331195417583424,0.24599336781397838,0.27474718599568654,0.33958634618178546
Clinical + PIV (complete case),primary_clinical_fbg_complete_case,1705,426,0.24979501001344573,0.14595862567430418,0.0014942941204030985,0.14201674432379954,0.21422133789903736,0.32336951253301605,0.8114495928390217
Clinical + Core-7 (complete case),primary_clinical_fbg_complete_case,1705,426,0.24965152897815213,0.16211242603456977,0.006815085488753386,0.1338093175469125,0.20217086241789617,0.3209794593917819,0.8985408512675649
Clinical + Enhanced (complete case),primary_clinical_fbg_complete_case,1705,426,0.2499406762400957,0.1642559057518675,0.010286575054176295,0.129365852482292,0.2004981422714323,0.33209175332876595,0.9117352709541263
