analysis,model,n,event_n,event_prevalence,oof_auc,oof_auc_ci_lower,oof_auc_ci_upper,metric_bootstrap_valid,brier_score,calibration_intercept,calibration_slope,repeat_auc_median,repeat_auc_p2_5,repeat_auc_p97_5,valid_repeats,record_type,status,source,comparison,n_common,auc_model_a,auc_model_b,delta_auc_a_minus_b,delta_auc_ci_lower,delta_auc_ci_upper,delta_auc_bootstrap_valid,brier_delta_a_minus_b,brier_delta_ci_lower,brier_delta_ci_upper,ci_supports_a_higher_auc,ci_supports_a_lower_auc,comparison_scale
primary_clinical,Clinical,1820.0,453.0,0.2489010989010989,0.5545247403718363,0.5244522596039022,0.5858200362654873,1000.0,0.1857297771399369,-0.090790934775032,0.916924825193084,0.5529171531414563,0.546930243148578,0.5581526715338369,10.0,performance,EXISTING_NUMBERS_AGE_PROVENANCE_UNRESOLVED,HITS_V0.3.1_verified_completion_20260825/08_clinical_incremental_models.csv,,,,,,,,,,,,,,
primary_clinical,Clinical_Plus_Core,1820.0,453.0,0.2489010989010989,0.7292697145422453,0.7024121730923852,0.7575331527873268,1000.0,0.1622846995440414,-0.0195830396757452,0.979951390057102,0.7277186472044455,0.7255188929852354,0.73256276534071,10.0,performance,EXISTING_NUMBERS_AGE_PROVENANCE_UNRESOLVED,HITS_V0.3.1_verified_completion_20260825/08_clinical_incremental_models.csv,,,,,,,,,,,,,,
primary_clinical,Clinical_Plus_Enhanced,1820.0,453.0,0.2489010989010989,0.7394126129792281,0.7135399842926861,0.766462688286434,1000.0,0.1612536861620861,-0.0043949374898535,0.9957319501993112,0.7384921461572125,0.7345112482660504,0.7423808762521175,10.0,performance,EXISTING_NUMBERS_AGE_PROVENANCE_UNRESOLVED,HITS_V0.3.1_verified_completion_20260825/08_clinical_incremental_models.csv,,,,,,,,,,,,,,
primary_clinical,Clinical_Plus_PIV,1820.0,453.0,0.2489010989010989,0.7130565796421807,0.6848817560414782,0.7401185388621552,1000.0,0.1660385147497102,0.0137384949925634,1.0141872365908255,0.7119528268827987,0.7104540404456352,0.7148518532872776,10.0,performance,EXISTING_NUMBERS_AGE_PROVENANCE_UNRESOLVED,HITS_V0.3.1_verified_completion_20260825/08_clinical_incremental_models.csv,,,,,,,,,,,,,,
strict_clinical,Clinical,1517.0,453.0,0.2986156888595913,0.581322926521602,0.5493795738553403,0.612532862338999,1000.0,0.2058398393201831,-0.0258559170944892,0.970032941905164,0.580746672143936,0.5730281830403825,0.5860371126491726,10.0,performance,EXISTING_NUMBERS_AGE_PROVENANCE_UNRESOLVED,HITS_V0.3.1_verified_completion_20260825/08_clinical_incremental_models.csv,,,,,,,,,,,,,,
strict_clinical,Clinical_Plus_Core,1517.0,453.0,0.2986156888595913,0.755529137413069,0.729274844061129,0.7828825518835621,1000.0,0.1693104210799944,-0.0077039449358687,0.9901677776132366,0.754616259191024,0.750080914206045,0.7568283809689788,10.0,performance,EXISTING_NUMBERS_AGE_PROVENANCE_UNRESOLVED,HITS_V0.3.1_verified_completion_20260825/08_clinical_incremental_models.csv,,,,,,,,,,,,,,
strict_clinical,Clinical_Plus_Enhanced,1517.0,453.0,0.2986156888595913,0.7676164749622401,0.7383198688999391,0.7943717438371095,1000.0,0.1666910681088025,-0.0016077579152911,0.9992836839503756,0.7671693721057611,0.7623759834188119,0.7696068606947833,10.0,performance,EXISTING_NUMBERS_AGE_PROVENANCE_UNRESOLVED,HITS_V0.3.1_verified_completion_20260825/08_clinical_incremental_models.csv,,,,,,,,,,,,,,
strict_clinical,Clinical_Plus_PIV,1517.0,453.0,0.2986156888595913,0.7389977427011236,0.7092938802723371,0.7660826056017025,1000.0,0.1759756231641723,0.0225731564924985,1.0312380357647344,0.7383286444588292,0.7358475348138558,0.741331183920065,10.0,performance,EXISTING_NUMBERS_AGE_PROVENANCE_UNRESOLVED,HITS_V0.3.1_verified_completion_20260825/08_clinical_incremental_models.csv,,,,,,,,,,,,,,
,,,,,,,,,,,,,,,,paired_comparison,EXISTING,HITS_V0.3.1_verified_completion_20260825/07_paired_delta_auc_bootstrap.csv,Primary Clinical plus Core minus Clinical plus PIV,1820.0,0.7292697145422453,0.7130565796421807,0.0162131349000645,0.0032088349253055,0.0286039851146601,1000.0,-0.0037538152056688,-0.0064687963721013,-0.0010091645534343,True,False,mean repeated nested-OOF calibrated probabilities
,,,,,,,,,,,,,,,,paired_comparison,EXISTING,HITS_V0.3.1_verified_completion_20260825/07_paired_delta_auc_bootstrap.csv,Strict Clinical plus Core minus Clinical plus PIV,1517.0,0.755529137413069,0.7389977427011236,0.0165313947119454,0.0024591646413253,0.0301122797334315,1000.0,-0.0066652020841779,-0.0102678500513946,-0.0027953814282701,True,False,mean repeated nested-OOF calibrated probabilities
,,,,,,,,,,,,,,,,paired_comparison,EXISTING,HITS_V0.3.1_verified_completion_20260825/07_paired_delta_auc_bootstrap.csv,Primary Clinical plus Enhanced minus Clinical plus Core,1820.0,0.7394126129792281,0.7292697145422453,0.0101428984369827,0.0033012482102647,0.0175201741951555,1000.0,-0.0010310133819552,-0.0026729022124305,0.0006688289735298,True,False,mean repeated nested-OOF calibrated probabilities
,,,,,,,,,,,,,,,,paired_comparison,EXISTING,HITS_V0.3.1_verified_completion_20260825/07_paired_delta_auc_bootstrap.csv,Strict Clinical plus Enhanced minus Clinical plus Core,1517.0,0.7676164749622401,0.755529137413069,0.012087337549171,0.0054299168017239,0.0201660868222401,1000.0,-0.0026193529711919,-0.0050965672141913,-0.0001766828006515,True,False,mean repeated nested-OOF calibrated probabilities
primary,,,,,,,,,,,,,,,,requested_gap,WP2_NEW_ANALYSIS_REQUIRED_FOR_PAIRED_CI,Not present in audited canonical paired output,Clinical+PIV minus Clinical,,,,,,,,,,,,,
primary,,,,,,,,,,,,,,,,requested_gap,WP2_NEW_ANALYSIS_REQUIRED_FOR_PAIRED_CI,Not present in audited canonical paired output,Clinical+Core minus Clinical,,,,,,,,,,,,,
primary,,,,,,,,,,,,,,,,requested_gap,WP2_NEW_ANALYSIS_REQUIRED_FOR_PAIRED_CI,Not present in audited canonical paired output,Clinical+Enhanced minus Clinical,,,,,,,,,,,,,
primary,,,,,,,,,,,,,,,,requested_gap,WP2_NEW_ANALYSIS_REQUIRED_FOR_INTERNAL_PAIRED_CI,Temporal N520 comparison exists separately and is NOT interchangeable,Clinical+Enhanced minus Clinical+PIV,,,,,,,,,,,,,
strict,,,,,,,,,,,,,,,,requested_gap,WP2_NEW_ANALYSIS_REQUIRED_FOR_PAIRED_CI,Not present in audited canonical paired output,Clinical+PIV minus Clinical,,,,,,,,,,,,,
strict,,,,,,,,,,,,,,,,requested_gap,WP2_NEW_ANALYSIS_REQUIRED_FOR_PAIRED_CI,Not present in audited canonical paired output,Clinical+Core minus Clinical,,,,,,,,,,,,,
strict,,,,,,,,,,,,,,,,requested_gap,WP2_NEW_ANALYSIS_REQUIRED_FOR_PAIRED_CI,Not present in audited canonical paired output,Clinical+Enhanced minus Clinical,,,,,,,,,,,,,
strict,,,,,,,,,,,,,,,,requested_gap,WP2_NEW_ANALYSIS_REQUIRED_FOR_INTERNAL_PAIRED_CI,Temporal N520 comparison exists separately and is NOT interchangeable,Clinical+Enhanced minus Clinical+PIV,,,,,,,,,,,,,
