analysis_id,cohort,N,events,model,AUC,CI_lower,CI_upper,Brier,calibration_intercept,calibration_slope,comparison,delta_AUC,delta_CI_lower,delta_CI_upper,manuscript_role,source_file,source_version
V031_PRIMARY_OOF,V0.3.1 primary phenotype,1820.0,453.0,Core,0.7253504637053473,0.6972291331992886,0.7526109516538609,0.1628034060185146,-0.0257926630711702,0.9738763965042028,,,,,primary_development_internal,HITS_V0.3.1_verified_completion_20260825/05_nested_cv_robustness.csv,HITS_V0.3.1
V031_PRIMARY_OOF,V0.3.1 primary phenotype,1820.0,453.0,Enhanced,0.7351348645379661,0.7100435434129415,0.7627597227434184,0.1619481277208798,-0.0215103323164074,0.9782980697185204,,,,,primary_development_internal,HITS_V0.3.1_verified_completion_20260825/05_nested_cv_robustness.csv,HITS_V0.3.1
V031_PRIMARY_OOF,V0.3.1 primary phenotype,1820.0,453.0,PIV,0.7080505320136745,0.6777573646293071,0.7352535551335468,0.1666967882750948,-0.0080052525262577,0.9920082510287964,,,,,benchmark_primary_development_internal,HITS_V0.3.1_verified_completion_20260825/06_traditional_marker_comparison.csv,HITS_V0.3.1
V031_PRIMARY_OOF_DELTA,V0.3.1 primary phenotype,1820.0,,Core-PIV,,,,,,,Core minus PIV,0.0172999316916727,0.003446066363558,0.0307939973521519,paired_benchmark_comparison,HITS_V0.3.1_verified_completion_20260825/07_paired_delta_auc_bootstrap.csv,HITS_V0.3.1
V031_CLINICAL_OOF,V0.3.1 primary phenotype,1820.0,453.0,Clinical,0.5545247403718363,0.5244522596039022,0.5858200362654873,0.1857297771399369,-0.090790934775032,0.916924825193084,,,,,clinical_incremental,HITS_V0.3.1_verified_completion_20260825/08_clinical_incremental_models.csv,HITS_V0.3.1
V031_CLINICAL_OOF,V0.3.1 primary phenotype,1820.0,453.0,Clinical_Plus_PIV,0.7130565796421807,0.6848817560414782,0.7401185388621552,0.1660385147497102,0.0137384949925634,1.0141872365908255,,,,,clinical_incremental,HITS_V0.3.1_verified_completion_20260825/08_clinical_incremental_models.csv,HITS_V0.3.1
V031_CLINICAL_OOF,V0.3.1 primary phenotype,1820.0,453.0,Clinical_Plus_Core,0.7292697145422453,0.7024121730923852,0.7575331527873268,0.1622846995440414,-0.0195830396757452,0.979951390057102,,,,,clinical_incremental,HITS_V0.3.1_verified_completion_20260825/08_clinical_incremental_models.csv,HITS_V0.3.1
V031_CLINICAL_OOF,V0.3.1 primary phenotype,1820.0,453.0,Clinical_Plus_Enhanced,0.7394126129792281,0.7135399842926861,0.766462688286434,0.1612536861620861,-0.0043949374898535,0.9957319501993112,,,,,clinical_incremental,HITS_V0.3.1_verified_completion_20260825/08_clinical_incremental_models.csv,HITS_V0.3.1
V05_PRIMARY_GUARDBAND,symmetric ±182-day guard-band validation,548.0,178.0,Core-7,0.7013209839052537,0.6500800194511773,0.7482517359195462,0.2011905182786802,0.3783173098202148,0.8975586866203832,,,,,primary_temporal_order_sensitivity,HITS_V0.5_shift_robust_validation/04_primary_guardband_model_performance.csv,HITS_V0.5
V05_PRIMARY_GUARDBAND,symmetric ±182-day guard-band validation,548.0,178.0,Enhanced,0.7192833282720922,0.673123318912843,0.764397320695994,0.2011298768248682,0.6730050911000145,1.0875144994711672,,,,,primary_temporal_order_sensitivity,HITS_V0.5_shift_robust_validation/04_primary_guardband_model_performance.csv,HITS_V0.5
V05_PRIMARY_GUARDBAND,symmetric ±182-day guard-band validation,548.0,178.0,PIV,0.6990586091709686,0.6509216743534092,0.7454375245998672,,,,,,,,primary_temporal_order_sensitivity,HITS_V0.5_shift_robust_validation/04_primary_guardband_model_performance.csv,HITS_V0.5
V05_PRIMARY_GUARDBAND_DELTA,symmetric ±182-day guard-band validation,548.0,,Core7_minus_PIV,0.7013209839052537,,,,,,Core7_minus_PIV,0.002262374734285,-0.0214960275970386,0.0252706811236757,paired_temporal_comparison,HITS_V0.5_shift_robust_validation/05_core_vs_PIV_delta_auc.csv,HITS_V0.5
V05_PRIMARY_GUARDBAND_DELTA,symmetric ±182-day guard-band validation,548.0,,Enhanced_minus_Core7,0.7192833282720922,,,,,,Enhanced_minus_Core7,0.0179623443668385,0.0095406463250046,0.0270215818858124,paired_temporal_comparison,HITS_V0.5_shift_robust_validation/05_core_vs_PIV_delta_auc.csv,HITS_V0.5
V05_HIGH_SPECIFICITY,high-specificity phenotype guard-band,426.0,138.0,Core-7,0.7701791465378423,0.7176259417745592,0.8202979850162477,0.1724611158532489,0.5044143734634747,1.0487848969813571,,,,,phenotype_robustness_sensitivity,HITS_V0.5_shift_robust_validation/09_high_specificity_guardband_validation.csv,HITS_V0.5
V05_HIGH_SPECIFICITY,high-specificity phenotype guard-band,426.0,138.0,Enhanced,0.7868609098228665,0.7362191371094944,0.8313155098232144,0.171184073143674,0.6809633659774454,1.138319474131007,,,,,phenotype_robustness_sensitivity,HITS_V0.5_shift_robust_validation/09_high_specificity_guardband_validation.csv,HITS_V0.5
V05_HIGH_SPECIFICITY,high-specificity phenotype guard-band,426.0,138.0,PIV,0.7493709742351047,0.69615521037182,0.7997191777425114,,,,,,,,phenotype_robustness_sensitivity,HITS_V0.5_shift_robust_validation/09_high_specificity_guardband_validation.csv,HITS_V0.5
V05_HIGH_SPECIFICITY_DELTA,high-specificity phenotype guard-band,426.0,,Core7-PIV,0.7701791465378423,,,,,,Core7 minus PIV,0.0208081723027375,-0.0062581415795155,0.0495458312577301,paired_phenotype_benchmark_comparison,HITS_V0.5_shift_robust_validation/09_high_specificity_guardband_validation.csv,HITS_V0.5
V05_CONSERVATIVE_365D,conservative ±365-day buffer sensitivity,361.0,110.0,Core-7,0.6837377761680551,0.6217648648648648,0.7438504113208787,0.1990247436276136,0.3251959828816245,0.8739834054309128,,,,,stress_test_sensitivity,HITS_V0.5_shift_robust_validation/10_conservative_365d_buffer_validation.csv,HITS_V0.5
V05_CONSERVATIVE_365D,conservative ±365-day buffer sensitivity,361.0,110.0,Enhanced,0.6993480622962694,0.6393968132673571,0.7562608858198451,0.198454529795069,0.6343043601017726,1.0738768894221091,,,,,stress_test_sensitivity,HITS_V0.5_shift_robust_validation/10_conservative_365d_buffer_validation.csv,HITS_V0.5
V05_CONSERVATIVE_365D,conservative ±365-day buffer sensitivity,361.0,110.0,PIV,0.6980441868888084,0.6383941293541637,0.7537119017191865,,,,,,,,stress_test_sensitivity,HITS_V0.5_shift_robust_validation/10_conservative_365d_buffer_validation.csv,HITS_V0.5
V052_ASYMMETRIC_BOUND,secondary asymmetric exact-bound sensitivity,602.0,198.0,Core-7,0.7069581958195822,,,0.2019925749009512,0.4697106177733063,0.9427425073049288,,,,,secondary_temporal_sensitivity,HITS_V0.5.1_final_QA_lock/08_asymmetric_bound_sensitivity.csv,HITS_V0.5.1
V052_ASYMMETRIC_BOUND,secondary asymmetric exact-bound sensitivity,602.0,198.0,Enhanced,0.7246474647464747,,,0.202047525158334,0.7686000180614041,1.136696243296982,,,,,secondary_temporal_sensitivity,HITS_V0.5.1_final_QA_lock/08_asymmetric_bound_sensitivity.csv,HITS_V0.5.1
V052_ASYMMETRIC_BOUND,secondary asymmetric exact-bound sensitivity,602.0,198.0,PIV,0.7044954495449547,,,,,,,,,,secondary_temporal_sensitivity,HITS_V0.5.1_final_QA_lock/08_asymmetric_bound_sensitivity.csv,HITS_V0.5.1
V052_ASYMMETRIC_BOUND_DELTA,secondary asymmetric exact-bound sensitivity,602.0,198.0,Core7-PIV,0.7069581958195822,,,,,,Core7-PIV,0.0024627462746275,-0.0179232037117345,0.0245686426376336,paired_secondary_temporal_comparison,HITS_V0.5.1_final_QA_lock/08_asymmetric_bound_sensitivity.csv,HITS_V0.5.1
V052_ASYMMETRIC_BOUND_DELTA,secondary asymmetric exact-bound sensitivity,602.0,198.0,Enhanced-PIV,0.7246474647464747,,,,,,Enhanced-PIV,0.0201520152015199,-0.0019359194010544,0.0404375318029072,paired_secondary_temporal_comparison,HITS_V0.5.1_final_QA_lock/08_asymmetric_bound_sensitivity.csv,HITS_V0.5.1
V052_ENHANCED_PIV_primary_guardband,symmetric ±182-day guard-band validation,548.0,178.0,Enhanced-PIV,0.7192833282720922,,,,,,Enhanced minus PIV,0.0202247191011235,-0.0041259966992655,0.0426835274039367,paired_enhanced_benchmark_comparison,HITS_V0.5.1_final_QA_lock/05_enhanced_vs_PIV_paired_comparison.csv,HITS_V0.5.1
V052_ENHANCED_PIV_high_specificity_guardband,high-specificity phenotype guard-band,426.0,138.0,Enhanced-PIV,0.7868609098228665,,,,,,Enhanced minus PIV,0.0374899355877618,0.009758774010812,0.0668965440779754,paired_enhanced_benchmark_comparison,HITS_V0.5.1_final_QA_lock/05_enhanced_vs_PIV_paired_comparison.csv,HITS_V0.5.1
V052_ENHANCED_PIV_conservative_365d,conservative ±365-day buffer sensitivity,361.0,110.0,Enhanced-PIV,0.6993480622962694,,,,,,Enhanced minus PIV,0.001303875407461,-0.023510988056815,0.0261984063568862,paired_enhanced_benchmark_comparison,HITS_V0.5.1_final_QA_lock/05_enhanced_vs_PIV_paired_comparison.csv,HITS_V0.5.1
V05_CLINICAL_GUARDBAND,symmetric ±182-day guard-band clinical increment,520.0,171.0,Clinical,0.5441863972251546,0.4902601737449773,0.598549283673973,0.2360767308139417,0.5748068001288195,0.931411289858572,,,,,clinical_increment_temporal_sensitivity,HITS_V0.5_shift_robust_validation/07_clinical_increment_guardband.csv,HITS_V0.5
V05_CLINICAL_GUARDBAND,symmetric ±182-day guard-band clinical increment,520.0,171.0,Clinical_plus_PIV,0.6951523986661976,0.64563484984628,0.7459174246222895,0.2116834982242476,0.6617607117860274,0.9976222266094888,,,,,clinical_increment_temporal_sensitivity,HITS_V0.5_shift_robust_validation/07_clinical_increment_guardband.csv,HITS_V0.5
V05_CLINICAL_GUARDBAND,symmetric ±182-day guard-band clinical increment,520.0,171.0,Clinical_plus_Core7,0.7003468556778767,0.6497920791380936,0.7475214821583426,0.2053566411994019,0.5219918368860647,0.9917139004018628,,,,,clinical_increment_temporal_sensitivity,HITS_V0.5_shift_robust_validation/07_clinical_increment_guardband.csv,HITS_V0.5
V05_CLINICAL_GUARDBAND,symmetric ±182-day guard-band clinical increment,520.0,171.0,Clinical_plus_Enhanced,0.7181420600211129,0.6701507188980325,0.763389048167304,0.2044298678840193,0.7231949547248517,1.1093243751717126,,,,,clinical_increment_temporal_sensitivity,HITS_V0.5_shift_robust_validation/07_clinical_increment_guardband.csv,HITS_V0.5
V052_CLINICAL_ENHANCED_DELTA,symmetric ±182-day guard-band clinical increment,520.0,171.0,Clinical+Enhanced minus Clinical+PIV,0.7181420600211129,,,,,,Clinical+Enhanced minus Clinical+PIV,0.0229896613549153,-3.3855496395604424e-05,0.0455768255658582,paired_clinical_increment,HITS_V0.5.1_final_QA_lock/06_clinical_enhanced_vs_PIV.csv,HITS_V0.5.1
