model,bin,mean_predicted,observed_rate
Core-7,1,0.0691652338315331,0.104395604395604
Core-7,2,0.108445617326646,0.0879120879120879
Core-7,3,0.134332849761852,0.115384615384615
Core-7,4,0.161907684442435,0.153846153846154
Core-7,5,0.190099865800961,0.17032967032967
Core-7,6,0.220368019409735,0.230769230769231
Core-7,7,0.261509961816715,0.258241758241758
Core-7,8,0.321124973005094,0.324175824175824
Core-7,9,0.410165821944799,0.428571428571428
Core-7,10,0.612443480879109,0.615384615384615
Enhanced,1,0.0661074957335978,0.0934065934065934
Enhanced,2,0.103782012583395,0.0989010989010989
Enhanced,3,0.12964422811598,0.0769230769230769
Enhanced,4,0.157610477114757,0.137362637362637
Enhanced,5,0.186714007989023,0.225274725274725
Enhanced,6,0.218277113995034,0.159340659340659
Enhanced,7,0.26527566988124,0.302197802197802
Enhanced,8,0.329919081699195,0.357142857142857
Enhanced,9,0.420647928221342,0.450549450549451
Enhanced,10,0.612076258193259,0.587912087912088
