analysis,model,n,event_n,event_prevalence,oof_auc,oof_auc_ci_lower,oof_auc_ci_upper,metric_bootstrap_valid,brier_score,calibration_intercept,calibration_slope,repeat_auc_median,repeat_auc_p2_5,repeat_auc_p97_5,valid_repeats
primary_clinical,Clinical,1820,453,0.2489010989010989,0.5545247403718363,0.5244522596039022,0.5858200362654873,1000,0.18572977713993696,-0.09079093477503204,0.9169248251930839,0.5529171531414563,0.546930243148578,0.5581526715338369,10
primary_clinical,Clinical_Plus_Core,1820,453,0.2489010989010989,0.7292697145422453,0.7024121730923852,0.7575331527873268,1000,0.1622846995440414,-0.019583039675745248,0.9799513900571019,0.7277186472044455,0.7255188929852354,0.73256276534071,10
primary_clinical,Clinical_Plus_Enhanced,1820,453,0.2489010989010989,0.7394126129792281,0.7135399842926861,0.766462688286434,1000,0.16125368616208618,-0.004394937489853588,0.9957319501993112,0.7384921461572125,0.7345112482660504,0.7423808762521175,10
primary_clinical,Clinical_Plus_PIV,1820,453,0.2489010989010989,0.7130565796421807,0.6848817560414782,0.7401185388621552,1000,0.1660385147497102,0.01373849499256343,1.0141872365908255,0.7119528268827987,0.7104540404456352,0.7148518532872776,10
primary_clinical_fbg_complete_case,Clinical,1705,426,0.2498533724340176,0.5457333524210156,0.5147424413192908,0.5740583461841969,1000,0.1866085740190173,-0.17796397893645505,0.8367861884905954,0.5435983768128709,0.541370945244047,0.551058609278816,10
primary_clinical_fbg_complete_case,Clinical_Plus_Core,1705,426,0.2498533724340176,0.730296556508716,0.7007148111291693,0.7554028826336779,1000,0.1622998662694892,-0.035816338846284594,0.962372419956923,0.7283152918029416,0.7239354487624208,0.7330936360933388,10
primary_clinical_fbg_complete_case,Clinical_Plus_Enhanced,1705,426,0.2498533724340176,0.740699343310318,0.7122190127169841,0.7700134176405231,1000,0.1611871553894254,-0.01892592824794627,0.981098575539694,0.7397266056594978,0.73443472930363,0.7428493688217395,10
primary_clinical_fbg_complete_case,Clinical_Plus_PIV,1705,426,0.2498533724340176,0.7173316154419349,0.6893502574487285,0.7449272889056614,1000,0.16552125865837147,0.008542774170252275,1.0082915346413452,0.7165369071347554,0.7145142551949697,0.7182703990426793,10
primary_core,Continuous_HITS_Core,1820,453,0.2489010989010989,0.7253504637053473,0.6972291331992886,0.7526109516538609,1000,0.1628034060185146,-0.02579266307117025,0.9738763965042029,0.7245761411770025,0.7224038798483975,0.7275123092251768,10
primary_core,HRR,1820,453,0.2489010989010989,0.5672191082452834,0.537307450445378,0.5974461959360299,1000,0.18506361156337706,-0.036045350640767464,0.9669319678482097,0.5676704599588859,0.5654370764035908,0.568095428994059,10
primary_core,MLR,1820,453,0.2489010989010989,0.6504535317666018,0.6207455716408032,0.6807141627658235,1000,0.1767912871504793,-0.01419347837939209,0.9866091746680797,0.6501269275301937,0.649594005500193,0.6508615044626492,10
primary_core,NLR,1820,453,0.2489010989010989,0.6811777453730394,0.6516919751569031,0.7092452203607339,1000,0.1681453743790895,-0.010821286819960946,0.9899601333636063,0.6813464976237422,0.6804650698989586,0.6819993629400679,10
primary_core,PIV,1820,453,0.2489010989010989,0.7080505320136745,0.6777573646293071,0.7352535551335468,1000,0.1666967882750948,-0.008005252526257776,0.9920082510287965,0.7079827081425787,0.7069900169721163,0.7086738253147754,10
primary_core,PLR,1820,453,0.2489010989010989,0.6184455091715637,0.5861986018595072,0.6491005938023695,1000,0.18071304523981843,-0.019978112971501243,0.9811505435738899,0.6185339224320995,0.6173642634408341,0.6190276035081089,10
primary_core,SII,1820,453,0.2489010989010989,0.7029508228488933,0.6723166149532611,0.7323267559961681,1000,0.16690287788852753,-0.0074524751566944275,0.9925503036471324,0.7029403262974141,0.7015724641542767,0.7034551417761133,10
primary_core,SIRI,1820,453,0.2489010989010989,0.6966238245880911,0.668548176886514,0.7264957015599209,1000,0.16652416569292278,-0.011903001972609045,0.9890805204364519,0.6963363805629703,0.6959342011559125,0.6972561207006529,10
primary_enhanced_imputed,Continuous_HITS_Enhanced,1820,453,0.2489010989010989,0.7351348645379661,0.7100435434129415,0.7627597227434184,1000,0.1619481277208798,-0.021510332316407435,0.9782980697185203,0.7340504900274687,0.730547144857255,0.7380045005983034,10
primary_fbg_complete_case,Continuous_HITS_Core,1705,426,0.2498533724340176,0.7270608273041953,0.6986954403603197,0.7552169533832364,1000,0.1626015776461631,-0.03503836753734099,0.9647490538667923,0.7264101942905805,0.7214621256336561,0.7289757439607675,10
primary_fbg_complete_case,Continuous_HITS_Enhanced,1705,426,0.2498533724340176,0.7367386492528273,0.7098167499273758,0.7660103739170109,1000,0.1618074738888085,-0.03153073795350274,0.9685766339607828,0.7359365995294151,0.7314748079301977,0.7378840478366682,10
