column_index,module,chinese_label,machine_name,nonmissing_n,parseable_n,earliest_year,latest_year,before_2019_n
4,,基线_出生日期,基线_birth_date,2548,2548,1926,1985,2548
9,,出生日期,birth_date,2279,2279,1926,1985,2279
19,,入院时间,admission_date,146,146,2012,2025,84
21,,事件时间,ae_date,146,40,2017,2025,8
22,,死亡时间,death_time,146,0,,,0
60,,血常规_白细胞计数(WBC#)-静脉血_检验日期,lab_blood_routine_examination_WBC#_test_time,2268,2268,2009,2026,2249
63,,血常规_红细胞计数(RBC#)-静脉血_检验日期,lab_blood_routine_examination_RBC#_test_time,2268,2268,2009,2026,2249
66,,血常规_平均红细胞体积(MCV)-静脉血_检验日期,lab_blood_routine_examination_MCV_test_time,2268,2268,2009,2026,2249
69,,血常规_平均红细胞血红蛋白浓度(MCHC)-静脉血_检验日期,lab_blood_routine_examination_MCHC_test_time,2268,2268,2009,2026,2249
72,,血常规_平均红细胞血红蛋白含量(MCH)-静脉血_检验日期,lab_blood_routine_examination_MCH_test_time,2268,2268,2009,2026,2249
75,,血常规_红细胞体积分布宽度CV(RDW-CV)-静脉血_检验日期,lab_blood_routine_examination_RDW-CV_test_time,2268,2268,2009,2026,2249
78,,血常规_淋巴细胞百分比(Lymph%)-静脉血_检验日期,lab_blood_routine_examination_Lymph%_test_time,2268,2268,2009,2026,2249
81,,血常规_淋巴细胞计数(Lymph#)-静脉血_检验日期,lab_blood_routine_examination_Lymph#_test_time,2268,2268,2009,2026,2249
84,,血常规_单核细胞百分比(Mono%)-静脉血_检验日期,lab_blood_routine_examination_Mono%_test_time,2268,2268,2009,2026,2249
87,,血常规_单核细胞计数(Mono#)-静脉血_检验日期,lab_blood_routine_examination_Mono#_test_time,2268,2268,2009,2026,2249
90,,血常规_中性粒细胞百分比(Neut%)-静脉血_检验日期,lab_blood_routine_examination_Neut%_test_time,2268,2268,2009,2026,2249
93,,血常规_中性粒细胞计数(Neut#)-静脉血_检验日期,lab_blood_routine_examination_Neut#_test_time,2268,2268,2009,2026,2249
96,,血常规_红细胞比容(Hct)-静脉血_检验日期,lab_blood_routine_examination_Hct_test_time,2273,2273,2009,2026,2254
99,,血常规_嗜酸性粒细胞百分比(Eos%)-静脉血_检验日期,lab_blood_routine_examination_Eos%_test_time,2268,2268,2009,2026,2249
102,,血常规_嗜碱性粒细胞百分比(Baso%)-静脉血_检验日期,lab_blood_routine_examination_Baso%_test_time,2268,2268,2009,2026,2249
105,,血常规_嗜酸性粒细胞计数(Eos#)-静脉血_检验日期,lab_blood_routine_examination_Eos#_test_time,2268,2268,2009,2026,2249
108,,血常规_嗜碱性粒细胞计数(Baso#)-静脉血_检验日期,lab_blood_routine_examination_Baso#_test_time,2268,2268,2009,2026,2249
111,,血常规_血红蛋白(Hb)-静脉血_检验日期,lab_blood_routine_examination_Hb_test_time,2268,2268,2009,2026,2249
114,,血常规_血小板计数(PLT#)-静脉血_检验日期,lab_blood_routine_examination_PLT#_test_time,2268,2268,2009,2026,2249
117,,血常规_平均血小板体积(MPV)-静脉血_检验日期,lab_blood_routine_examination_MPV_test_time,2268,2268,2009,2026,2249
120,,血常规_血小板分布宽度(PDW)-静脉血_检验日期,lab_blood_routine_examination_PDW_test_time,2268,2268,2009,2026,2249
123,,血常规_血小板比容-静脉血_检验日期,lab_blood_routine_examination__test_time,2268,2268,2009,2026,2249
126,,血常规_有核红细胞计数(NRBC#)-静脉血_检验日期,lab_blood_routine_examination_NRBC#_test_time,360,360,2009,2026,341
129,,血常规_有核红细胞百分比(NRBC%)-静脉血_检验日期,lab_blood_routine_examination_NRBC%_test_time,360,360,2009,2026,341
133,,凝血检查_凝血酶时间(TT)-静脉血_检验日期,lab_cruor_testing_TT_test_time,2009,2009,2009,2026,1990
134,,凝血检查_凝血酶时间(TT)-静脉血_检验定量结果,lab_cruor_testing_TT_test_result,2009,0,,,0
135,,凝血检查_凝血酶时间(TT)-静脉血_检验定量结果单位,lab_cruor_testing_TT_unit,2009,0,,,0
136,,凝血检查_凝血酶时间(TT)-静脉血-定性_检验日期,lab_cruor_testing_TT_test_time,2009,2009,2009,2026,1990
137,,凝血检查_凝血酶时间(TT)-静脉血-定性_检验定量结果,lab_cruor_testing_TT_test_result,2009,0,,,0
138,,凝血检查_凝血酶时间(TT)-静脉血-定性_检验定量结果单位,lab_cruor_testing_TT_unit,2009,0,,,0
139,,凝血检查_凝血酶原时间(PT)-静脉血_检验日期,lab_cruor_testing_PT_test_time,2127,2127,2009,2026,2108
140,,凝血检查_凝血酶原时间(PT)-静脉血_检验定量结果,lab_cruor_testing_PT_test_result,2127,0,,,0
141,,凝血检查_凝血酶原时间(PT)-静脉血_检验定量结果单位,lab_cruor_testing_PT_unit,2127,0,,,0
142,,凝血检查_活化部分凝血活酶时间(APTT)-静脉血_检验日期,lab_cruor_testing_APTT_test_time,2128,2128,2009,2026,2109
143,,凝血检查_活化部分凝血活酶时间(APTT)-静脉血_检验定量结果,lab_cruor_testing_APTT_test_result,2128,0,,,0
144,,凝血检查_活化部分凝血活酶时间(APTT)-静脉血_检验定量结果单位,lab_cruor_testing_APTT_unit,2128,0,,,0
145,,凝血检查_活化部分凝血活酶时间比值(APTTR)-静脉血_检验日期,lab_cruor_testing_APTTR_test_time,2125,2125,2009,2026,2106
146,,凝血检查_活化部分凝血活酶时间比值(APTTR)-静脉血_检验定量结果,lab_cruor_testing_APTTR_test_result,2125,0,,,0
147,,凝血检查_活化部分凝血活酶时间比值(APTTR)-静脉血_检验定量结果单位,lab_cruor_testing_APTTR_unit,2125,0,,,0
148,,凝血检查_凝血酶原国际标准化比值(PT-INR)-静脉血_检验日期,lab_cruor_testing_PT-INR_test_time,2127,2127,2009,2026,2108
151,,凝血检查_抗凝血酶III活性(ATIII:A)-静脉血_检验日期,lab_cruor_testing_ATIII:A_test_time,0,0,,,0
154,,凝血检查_抗凝血酶III活性(ATIII:A)-静脉血-定性_检验日期,lab_cruor_testing_ATIII:A_test_time,0,0,,,0
157,,凝血检查_D-二聚体(D-Dimer)-静脉血_检验日期,lab_cruor_testing_D-Dimer_test_time,1030,1030,2009,2026,1011
160,,凝血检查_纤维蛋白原降解产物(FDP)-静脉血_检验日期,lab_cruor_testing_FDP_test_time,906,906,2012,2026,887
163,,凝血检查_纤维蛋白原(Fbg)-静脉血_检验日期,lab_cruor_testing_Fbg_test_time,2128,2128,2009,2026,2109
166,,凝血检查_凝血酶原时间活动度(PTA)-静脉血_检验日期,lab_cruor_testing_PTA_test_time,2127,2127,2009,2026,2108
167,,凝血检查_凝血酶原时间活动度(PTA)-静脉血_检验定量结果,lab_cruor_testing_PTA_test_result,2127,0,,,0
168,,凝血检查_凝血酶原时间活动度(PTA)-静脉血_检验定量结果单位,lab_cruor_testing_PTA_unit,2127,0,,,0
170,,生化检查_丙氨酸氨基转移酶(ALT)-静脉血_检验日期,lab_biochemical_tests_ALT_test_time,1609,1609,2009,2026,1597
173,,生化检查_天门冬氨酸氨基转移酶(AST)-静脉血_检验日期,lab_biochemical_tests_AST_test_time,2049,2049,2009,2026,2033
176,,生化检查_γ-谷氨酰基转移酶(GGT)-静脉血_检验日期,lab_biochemical_tests_GGT_test_time,1609,1609,2009,2026,1597
179,,生化检查_总胆红素(TBIL)-静脉血_检验日期,lab_biochemical_tests_TBIL_test_time,1611,1611,2009,2026,1599
182,,生化检查_直接胆红素(DBIL)-静脉血_检验日期,lab_biochemical_tests_DBIL_test_time,1609,1609,2009,2026,1597
185,,生化检查_间接胆红素(IBIL)-静脉血_检验日期,lab_biochemical_tests_IBIL_test_time,1609,1609,2009,2026,1597
188,,生化检查_白蛋白(ALB)-静脉血_检验日期,lab_biochemical_tests_ALB_test_time,1966,1966,2009,2026,1954
191,,生化检查_球蛋白(GLO)-静脉血_检验日期,lab_biochemical_tests_GLO_test_time,1609,1609,2009,2026,1597
194,,生化检查_总蛋白(TP)-静脉血_检验日期,lab_biochemical_tests_TP_test_time,1610,1610,2009,2026,1598
197,,生化检查_白蛋白/球蛋白比值(ALB/GLO)-静脉血_检验日期,lab_biochemical_tests_ALB/GLO_test_time,1609,1609,2009,2026,1597
200,,生化检查_前白蛋白(PA)-静脉血_检验日期,lab_biochemical_tests_PA_test_time,0,0,,,0
203,,生化检查_总胆汁酸(TBA)-静脉血_检验日期,lab_biochemical_tests_TBA_test_time,1605,1605,2009,2022,1597
206,,生化检查_肌酐(Crea)-静脉血_检验日期,lab_biochemical_tests_Crea_test_time,1783,1783,2009,2024,1767
209,,生化检查_尿素(Urea)-静脉血_检验日期,lab_biochemical_tests_Urea_test_time,1783,1783,2009,2024,1767
212,,生化检查_尿酸(UA)-静脉血_检验日期,lab_biochemical_tests_UA_test_time,1784,1784,2009,2024,1768
215,,生化检查_总胆固醇(TC)-静脉血_检验日期,lab_biochemical_tests_TC_test_time,1436,1436,2009,2022,1426
218,,生化检查_甘油三酯(TG)-静脉血_检验日期,lab_biochemical_tests_TG_test_time,1436,1436,2009,2022,1426
221,,生化检查_高密度脂蛋白胆固醇(HDL-C)-静脉血_检验日期,lab_biochemical_tests_HDL-C_test_time,1436,1436,2009,2022,1426
224,,生化检查_低密度脂蛋白胆固醇(LDL-C)-静脉血_检验日期,lab_biochemical_tests_LDL-C_test_time,1436,1436,2009,2022,1426
227,,生化检查_脂蛋白a(LPa)-静脉血_检验日期,lab_biochemical_tests_LPa_test_time,1434,1434,2009,2022,1426
230,,生化检查_载脂蛋白AI(apoAI)-静脉血_检验日期,lab_biochemical_tests_apoAI_test_time,1434,1434,2009,2022,1426
233,,生化检查_载脂蛋白B(apoB)-静脉血_检验日期,lab_biochemical_tests_apoB_test_time,1434,1434,2009,2022,1426
236,,生化检查_钾离子(K+)-静脉血_检验日期,lab_biochemical_tests_K+_test_time,1823,1823,2009,2026,1806
239,,生化检查_钠离子(Na+)-静脉血_检验日期,lab_biochemical_tests_Na+_test_time,1823,1823,2009,2026,1806
242,,生化检查_氯离子(Cl-)-静脉血_检验日期,lab_biochemical_tests_Cl-_test_time,1823,1823,2009,2026,1806
245,,生化检查_总钙(Ca)-静脉血_检验日期,lab_biochemical_tests_Ca_test_time,1822,1822,2009,2026,1806
248,,生化检查_钙离子(Ca2+)-静脉血_检验日期,lab_biochemical_tests_Ca2+_test_time,0,0,,,0
251,,生化检查_磷(P)-静脉血_检验日期,lab_biochemical_tests_P_test_time,1408,1408,2009,2026,1396
254,,生化检查_镁离子(Mg2+)-静脉血_检验日期,lab_biochemical_tests_Mg2+_test_time,1409,1409,2009,2026,1397
257,,生化检查_葡萄糖(Glu)-静脉血_检验日期,lab_biochemical_tests_Glu_test_time,1800,1800,2009,2022,1787
260,,生化检查_乳酸脱氢酶(LDH)-静脉血_检验日期,lab_biochemical_tests_LDH_test_time,2005,2005,2009,2022,1991
263,,生化检查_碱性磷酸酶(ALP)-静脉血_检验日期,lab_biochemical_tests_ALP_test_time,1609,1609,2009,2026,1597
266,,生化检查_腺苷脱氨酶(ADA)-静脉血_检验日期,lab_biochemical_tests_ADA_test_time,0,0,,,0
269,,生化检查_胆碱酯酶(ChE)-静脉血_检验日期,lab_biochemical_tests_ChE_test_time,521,521,2013,2026,515
272,,生化检查_同型半胱氨酸(HCY)-静脉血_检验日期,lab_biochemical_tests_HCY_test_time,39,39,2010,2017,39
275,,生化检查_α1抗胰蛋白酶(α1-AT)-静脉血_检验日期,lab_biochemical_tests_α1-AT_test_time,12,12,2011,2016,12
278,,生化检查_α-L-岩藻糖苷酶(AFU)-静脉血_检验日期,lab_biochemical_tests_AFU_test_time,708,708,2010,2022,702
281,,生化检查_α1球蛋白(α1-GLO)-静脉血_检验日期,lab_biochemical_tests_α1-GLO_test_time,0,0,,,0
284,,生化检查_α2球蛋白(α2-GLO)-静脉血_检验日期,lab_biochemical_tests_α2-GLO_test_time,0,0,,,0
287,,生化检查_β1球蛋白(β1-GLO)-静脉血_检验日期,lab_biochemical_tests_β1-GLO_test_time,0,0,,,0
290,,生化检查_β2球蛋白(β2-GLO)-静脉血_检验日期,lab_biochemical_tests_β2-GLO_test_time,0,0,,,0
293,,生化检查_β球蛋白(β-GLO)-静脉血_检验日期,lab_biochemical_tests_β-GLO_test_time,0,0,,,0
296,,生化检查_γ球蛋白(γ-GLO)-静脉血_检验日期,lab_biochemical_tests_γ-GLO_test_time,0,0,,,0
299,,生化检查_脂肪酶(LPS)-静脉血_检验日期,lab_biochemical_tests_LPS_test_time,0,0,,,0
302,,生化检查_游离脂肪酸(FFA)-静脉血_检验日期,lab_biochemical_tests_FFA_test_time,425,425,2013,2022,419
305,,生化检查_视黄醇结合蛋白(RBP)-静脉血_检验日期,lab_biochemical_tests_RBP_test_time,1,1,2024,2024,0
308,,生化检查_胱抑素(Cys-C)-静脉血_检验日期,lab_biochemical_tests_Cys-C_test_time,1634,1634,2010,2024,1622
311,,生化检查_淀粉酶(Amy)-静脉血_检验日期,lab_biochemical_tests_Amy_test_time,155,155,2010,2019,154
314,,生化检查_阴离子间隙(AG)-静脉血_检验日期,lab_biochemical_tests_AG_test_time,0,0,,,0
317,,生化检查_阴离子间隙(AG)-静脉血-定性_检验日期,lab_biochemical_tests_AG_test_time,0,0,,,0
320,,生化检查_载脂蛋白A(apoA)-静脉血_检验日期,lab_biochemical_tests_apoA_test_time,0,0,,,0
323,,生化检查_载脂蛋白E(apoE)-静脉血_检验日期,lab_biochemical_tests_apoE_test_time,0,0,,,0
326,,生化检查_内生肌酐清除率(CCR)-静脉血_检验日期,lab_biochemical_tests_CCR_test_time,0,0,,,0
329,,生化检查_α-羟丁酸脱氢酶(α-HBDH)-静脉血_检验日期,lab_biochemical_tests_α-HBDH_test_time,614,614,2009,2012,614
332,,生化检查_胆红素(BIL)-静脉血_检验日期,lab_biochemical_tests_BIL_test_time,1,1,2015,2015,1
335,,生化检查_胆红素(BIL)-静脉血-定性_检验日期,lab_biochemical_tests_BIL_test_time,1,1,2015,2015,1
338,,生化检查_葡萄糖(Glu)-静脉血(空腹)_检验日期,lab_biochemical_tests_Glu_test_time,3,3,2010,2016,3
342,,C反应蛋白检测_C-反应蛋白(CRP)-静脉血_检验日期,lab_crp_tests_CRP_test_time,521,521,2009,2026,217
345,,C反应蛋白检测_C-反应蛋白(CRP)-静脉血-定性_检验日期,lab_crp_tests_CRP_test_time,521,521,2009,2026,217
348,,C反应蛋白检测_超敏C反应蛋白(hs-CRP)-静脉血_检验日期,lab_crp_tests_hs-CRP_test_time,686,686,2012,2019,646
352,,心衰和心肌损伤标志物_N端脑钠肽前体(NT-ProBNP)-静脉血_检验日期,lab_myocardial_injury_markers_NT-ProBNP_test_time,339,339,2012,2022,338
355,,心衰和心肌损伤标志物_N端脑钠肽前体(NT-ProBNP)-静脉血-定性_检验日期,lab_myocardial_injury_markers_NT-ProBNP_test_time,339,339,2012,2022,338
358,,心衰和心肌损伤标志物_肌红蛋白(Mb)-静脉血_检验日期,lab_myocardial_injury_markers_Mb_test_time,205,205,2010,2026,202
361,,心衰和心肌损伤标志物_肌红蛋白(Mb)-静脉血-定性_检验日期,lab_myocardial_injury_markers_Mb_test_time,205,205,2010,2026,202
364,,心衰和心肌损伤标志物_心肌肌钙蛋白T(cTnT)-静脉血_检验日期,lab_myocardial_injury_markers_cTnT_test_time,104,104,2012,2013,104
367,,心衰和心肌损伤标志物_心肌肌钙蛋白T(cTnT)-静脉血-定性_检验日期,lab_myocardial_injury_markers_cTnT_test_time,104,104,2012,2013,104
370,,心衰和心肌损伤标志物_肌酸激酶(CK)-静脉血_检验日期,lab_myocardial_injury_markers_CK_test_time,1874,1874,2009,2022,1863
373,,心衰和心肌损伤标志物_肌酸激酶同工酶MB(CK-MB)-静脉血_检验日期,lab_myocardial_injury_markers_CK-MB_test_time,1,1,2024,2024,0
376,,心衰和心肌损伤标志物_肌酸激酶同工酶MB(CK-MB)-静脉血-定性_检验日期,lab_myocardial_injury_markers_CK-MB_test_time,1,1,2024,2024,0
379,,心衰和心肌损伤标志物_心肌肌钙蛋白I(cTnI)-静脉血_检验日期,lab_myocardial_injury_markers_cTnI_test_time,278,278,2009,2026,272
382,,心衰和心肌损伤标志物_心肌肌钙蛋白I(cTnI)-静脉血-定性_检验日期,lab_myocardial_injury_markers_cTnI_test_time,278,278,2009,2026,272
385,,心衰和心肌损伤标志物_脑钠肽(BNP)-静脉血_检验日期,lab_myocardial_injury_markers_BNP_test_time,6,6,2012,2019,5
388,,心衰和心肌损伤标志物_脑钠肽(BNP)-静脉血-定性_检验日期,lab_myocardial_injury_markers_BNP_test_time,6,6,2012,2019,5
391,,心衰和心肌损伤标志物_超敏心肌肌钙蛋白T(hs-cTnT)-静脉血_检验日期,lab_myocardial_injury_markers_hs-cTnT_test_time,450,450,2013,2018,450
394,,心衰和心肌损伤标志物_超敏心肌肌钙蛋白T(hs-cTnT)-静脉血-定性_检验日期,lab_myocardial_injury_markers_hs-cTnT_test_time,450,450,2013,2018,450
397,,心衰和心肌损伤标志物_α-羟丁酸脱氢酶(α-HBDH)-静脉血_检验日期,lab_myocardial_injury_markers_α-HBDH_test_time,678,678,2009,2012,678
