column_index,module,chinese_label,machine_name
1,固定列信息,patient_sn,patient_sn
2,,分组名称,group_name
3,,基线_性别,基线_gender
4,,基线_出生日期,基线_birth_date
5,,基线_住院号,基线_inpatient_no_id
6,基线,本人姓名,name
7,,"性别
选项:男,女,未知",gender
8,,"民族
选项:汉族,壮族,藏族,裕固族,彝族,瑶族,锡伯族,乌孜别克族,维吾尔族,佤族,土家族,土族,塔塔尔族,塔吉克族,水族,畲族,撒拉族,羌族,普米族,怒族,纳西族,仫佬族,苗族,蒙古族,门巴族,毛南族,满族,珞巴族,僳僳族,黎族,拉祜族,柯尔克孜族,景颇族,京族,基诺族,回族,赫哲族,哈萨克族,哈尼族,仡佬族,高山族,鄂温克族,俄罗斯族,鄂伦春族,独龙族,东乡族,侗族,德昂族,傣族,达斡尔族,朝鲜族,布依族,保安族,布朗族,白族,阿昌族",ethnicity
9,,出生日期,birth_date
10,,"职业类别
选项:农民,工人,公务员,教师,秘书,会计,律师,程序员,医生,一般人员,国家公务人员,无业人员,退(离)休人员,专业技术人员,职员,个体经营者,退（离）休人人员,自由职业,其它,其他",occupation
11,,住院号,inpatient_no_id
12,,"婚姻状况
选项:已婚,未婚,离婚,丧偶,其他",marriage_status
13,,文化程度,education_level
14,,vsn_生命体征,vsn_vital_sign
15,,心率(次/分),heart_rate
16,,vsn_生命体征,vsn_vital_sign
17,,收缩压(mmHg),systolic_pressure
18,,vsn_心血管院内不良事件,vsn_cadio_ae_in_hospital
19,,入院时间,admission_date
20,,事件标题,ae_title
21,,事件时间,ae_date
22,,死亡时间,death_time
23,,"是否死亡
选项:是,否",death
24,,"是否心源性休克
选项:是,否",is_cardiogenic_shock
25,,"是否心室颤动
选项:是,否",is_vf
26,,"是否呼吸心跳骤停
选项:是,否",is_respiratory_cardiac_arrest
27,,"是否发生脑梗死
选项:是,否",is_cerebral_infarction
28,,"是否发生脑出血
选项:是,否",is_cerebral_hemorrhage
29,,"是否发生三度房室传导阻滞
选项:是,否",is_iii_avb
30,,"是否发生右束支传导阻滞
选项:是,否",is_RBBB
31,,"是否发生左束支传导阻滞
选项:是,否",is_LBBB
32,,"围术期是否二次开胸
选项:是,否",is_perioperative_period_chest_open
33,,"是否发生低心排综合征
选项:是,否",is_LCOS
34,,"腹膜后血肿
选项:是,否",is_retroperitoneal_hematom
35,,"是否心律失常
选项:是,否",is_arrhythmia
36,,"是否心脏破裂
选项:是,否",is_cardiac_rupture
37,,"室间隔穿孔
选项:是,否",is_interventricular_septum_perforation
38,,"是否植入永久起搏器
选项:是,否",is_permanent_cardiac_pacemaker
39,,vsn_出院记录,vsn_discharge_record
40,,出院诊断,discharge_diagnosis
41,,vsn_生命体征,vsn_vital_sign
42,,舒张压(mmHg),diastolic_pressure
43,,vsn_生命体征,vsn_vital_sign
44,,体重指数(BMI),body_mass_index
45,,vsn_生命体征,vsn_vital_sign
46,,身高(cm),height
47,,vsn_生命体征,vsn_vital_sign
48,,体重(kg),weight
49,,vsn_入院记录,vsn_admission_record
50,,"是否有糖尿病
选项:是,否",is_diabetes
51,,vsn_入院记录,vsn_admission_record
52,,"是否有高血压
选项:是,否",is_hypertension
53,,vsn_入院记录,vsn_admission_record
54,,"是否有冠心病
选项:是,否",is_coronary
55,,vsn_入院记录,vsn_admission_record
56,,家族史,family_history
57,,vsn_入院记录,vsn_admission_record
58,,个人史,personal_history
59,,vsn_血常规,vsn_lab_blood_routine_examination
60,,血常规_白细胞计数(WBC#)-静脉血_检验日期,lab_blood_routine_examination_WBC#_test_time
61,,血常规_白细胞计数(WBC#)-静脉血_检验定量结果,lab_blood_routine_examination_WBC#_test_result
62,,血常规_白细胞计数(WBC#)-静脉血_检验定量结果单位,lab_blood_routine_examination_WBC#_unit
63,,血常规_红细胞计数(RBC#)-静脉血_检验日期,lab_blood_routine_examination_RBC#_test_time
64,,血常规_红细胞计数(RBC#)-静脉血_检验定量结果,lab_blood_routine_examination_RBC#_test_result
65,,血常规_红细胞计数(RBC#)-静脉血_检验定量结果单位,lab_blood_routine_examination_RBC#_unit
66,,血常规_平均红细胞体积(MCV)-静脉血_检验日期,lab_blood_routine_examination_MCV_test_time
67,,血常规_平均红细胞体积(MCV)-静脉血_检验定量结果,lab_blood_routine_examination_MCV_test_result
68,,血常规_平均红细胞体积(MCV)-静脉血_检验定量结果单位,lab_blood_routine_examination_MCV_unit
69,,血常规_平均红细胞血红蛋白浓度(MCHC)-静脉血_检验日期,lab_blood_routine_examination_MCHC_test_time
70,,血常规_平均红细胞血红蛋白浓度(MCHC)-静脉血_检验定量结果,lab_blood_routine_examination_MCHC_test_result
71,,血常规_平均红细胞血红蛋白浓度(MCHC)-静脉血_检验定量结果单位,lab_blood_routine_examination_MCHC_unit
72,,血常规_平均红细胞血红蛋白含量(MCH)-静脉血_检验日期,lab_blood_routine_examination_MCH_test_time
73,,血常规_平均红细胞血红蛋白含量(MCH)-静脉血_检验定量结果,lab_blood_routine_examination_MCH_test_result
74,,血常规_平均红细胞血红蛋白含量(MCH)-静脉血_检验定量结果单位,lab_blood_routine_examination_MCH_unit
75,,血常规_红细胞体积分布宽度CV(RDW-CV)-静脉血_检验日期,lab_blood_routine_examination_RDW-CV_test_time
76,,血常规_红细胞体积分布宽度CV(RDW-CV)-静脉血_检验定量结果,lab_blood_routine_examination_RDW-CV_test_result
77,,血常规_红细胞体积分布宽度CV(RDW-CV)-静脉血_检验定量结果单位,lab_blood_routine_examination_RDW-CV_unit
78,,血常规_淋巴细胞百分比(Lymph%)-静脉血_检验日期,lab_blood_routine_examination_Lymph%_test_time
79,,血常规_淋巴细胞百分比(Lymph%)-静脉血_检验定量结果,lab_blood_routine_examination_Lymph%_test_result
80,,血常规_淋巴细胞百分比(Lymph%)-静脉血_检验定量结果单位,lab_blood_routine_examination_Lymph%_unit
81,,血常规_淋巴细胞计数(Lymph#)-静脉血_检验日期,lab_blood_routine_examination_Lymph#_test_time
82,,血常规_淋巴细胞计数(Lymph#)-静脉血_检验定量结果,lab_blood_routine_examination_Lymph#_test_result
83,,血常规_淋巴细胞计数(Lymph#)-静脉血_检验定量结果单位,lab_blood_routine_examination_Lymph#_unit
84,,血常规_单核细胞百分比(Mono%)-静脉血_检验日期,lab_blood_routine_examination_Mono%_test_time
85,,血常规_单核细胞百分比(Mono%)-静脉血_检验定量结果,lab_blood_routine_examination_Mono%_test_result
86,,血常规_单核细胞百分比(Mono%)-静脉血_检验定量结果单位,lab_blood_routine_examination_Mono%_unit
87,,血常规_单核细胞计数(Mono#)-静脉血_检验日期,lab_blood_routine_examination_Mono#_test_time
88,,血常规_单核细胞计数(Mono#)-静脉血_检验定量结果,lab_blood_routine_examination_Mono#_test_result
89,,血常规_单核细胞计数(Mono#)-静脉血_检验定量结果单位,lab_blood_routine_examination_Mono#_unit
90,,血常规_中性粒细胞百分比(Neut%)-静脉血_检验日期,lab_blood_routine_examination_Neut%_test_time
91,,血常规_中性粒细胞百分比(Neut%)-静脉血_检验定量结果,lab_blood_routine_examination_Neut%_test_result
92,,血常规_中性粒细胞百分比(Neut%)-静脉血_检验定量结果单位,lab_blood_routine_examination_Neut%_unit
93,,血常规_中性粒细胞计数(Neut#)-静脉血_检验日期,lab_blood_routine_examination_Neut#_test_time
94,,血常规_中性粒细胞计数(Neut#)-静脉血_检验定量结果,lab_blood_routine_examination_Neut#_test_result
95,,血常规_中性粒细胞计数(Neut#)-静脉血_检验定量结果单位,lab_blood_routine_examination_Neut#_unit
96,,血常规_红细胞比容(Hct)-静脉血_检验日期,lab_blood_routine_examination_Hct_test_time
97,,血常规_红细胞比容(Hct)-静脉血_检验定量结果,lab_blood_routine_examination_Hct_test_result
98,,血常规_红细胞比容(Hct)-静脉血_检验定量结果单位,lab_blood_routine_examination_Hct_unit
99,,血常规_嗜酸性粒细胞百分比(Eos%)-静脉血_检验日期,lab_blood_routine_examination_Eos%_test_time
100,,血常规_嗜酸性粒细胞百分比(Eos%)-静脉血_检验定量结果,lab_blood_routine_examination_Eos%_test_result
101,,血常规_嗜酸性粒细胞百分比(Eos%)-静脉血_检验定量结果单位,lab_blood_routine_examination_Eos%_unit
102,,血常规_嗜碱性粒细胞百分比(Baso%)-静脉血_检验日期,lab_blood_routine_examination_Baso%_test_time
103,,血常规_嗜碱性粒细胞百分比(Baso%)-静脉血_检验定量结果,lab_blood_routine_examination_Baso%_test_result
104,,血常规_嗜碱性粒细胞百分比(Baso%)-静脉血_检验定量结果单位,lab_blood_routine_examination_Baso%_unit
105,,血常规_嗜酸性粒细胞计数(Eos#)-静脉血_检验日期,lab_blood_routine_examination_Eos#_test_time
106,,血常规_嗜酸性粒细胞计数(Eos#)-静脉血_检验定量结果,lab_blood_routine_examination_Eos#_test_result
107,,血常规_嗜酸性粒细胞计数(Eos#)-静脉血_检验定量结果单位,lab_blood_routine_examination_Eos#_unit
108,,血常规_嗜碱性粒细胞计数(Baso#)-静脉血_检验日期,lab_blood_routine_examination_Baso#_test_time
109,,血常规_嗜碱性粒细胞计数(Baso#)-静脉血_检验定量结果,lab_blood_routine_examination_Baso#_test_result
110,,血常规_嗜碱性粒细胞计数(Baso#)-静脉血_检验定量结果单位,lab_blood_routine_examination_Baso#_unit
111,,血常规_血红蛋白(Hb)-静脉血_检验日期,lab_blood_routine_examination_Hb_test_time
112,,血常规_血红蛋白(Hb)-静脉血_检验定量结果,lab_blood_routine_examination_Hb_test_result
113,,血常规_血红蛋白(Hb)-静脉血_检验定量结果单位,lab_blood_routine_examination_Hb_unit
114,,血常规_血小板计数(PLT#)-静脉血_检验日期,lab_blood_routine_examination_PLT#_test_time
115,,血常规_血小板计数(PLT#)-静脉血_检验定量结果,lab_blood_routine_examination_PLT#_test_result
116,,血常规_血小板计数(PLT#)-静脉血_检验定量结果单位,lab_blood_routine_examination_PLT#_unit
117,,血常规_平均血小板体积(MPV)-静脉血_检验日期,lab_blood_routine_examination_MPV_test_time
118,,血常规_平均血小板体积(MPV)-静脉血_检验定量结果,lab_blood_routine_examination_MPV_test_result
119,,血常规_平均血小板体积(MPV)-静脉血_检验定量结果单位,lab_blood_routine_examination_MPV_unit
120,,血常规_血小板分布宽度(PDW)-静脉血_检验日期,lab_blood_routine_examination_PDW_test_time
121,,血常规_血小板分布宽度(PDW)-静脉血_检验定量结果,lab_blood_routine_examination_PDW_test_result
122,,血常规_血小板分布宽度(PDW)-静脉血_检验定量结果单位,lab_blood_routine_examination_PDW_unit
123,,血常规_血小板比容-静脉血_检验日期,lab_blood_routine_examination__test_time
124,,血常规_血小板比容-静脉血_检验定量结果,lab_blood_routine_examination__test_result
125,,血常规_血小板比容-静脉血_检验定量结果单位,lab_blood_routine_examination__unit
126,,血常规_有核红细胞计数(NRBC#)-静脉血_检验日期,lab_blood_routine_examination_NRBC#_test_time
127,,血常规_有核红细胞计数(NRBC#)-静脉血_检验定量结果,lab_blood_routine_examination_NRBC#_test_result
128,,血常规_有核红细胞计数(NRBC#)-静脉血_检验定量结果单位,lab_blood_routine_examination_NRBC#_unit
129,,血常规_有核红细胞百分比(NRBC%)-静脉血_检验日期,lab_blood_routine_examination_NRBC%_test_time
130,,血常规_有核红细胞百分比(NRBC%)-静脉血_检验定量结果,lab_blood_routine_examination_NRBC%_test_result
131,,血常规_有核红细胞百分比(NRBC%)-静脉血_检验定量结果单位,lab_blood_routine_examination_NRBC%_unit
132,,vsn_凝血检查,vsn_lab_cruor_testing
133,,凝血检查_凝血酶时间(TT)-静脉血_检验日期,lab_cruor_testing_TT_test_time
134,,凝血检查_凝血酶时间(TT)-静脉血_检验定量结果,lab_cruor_testing_TT_test_result
135,,凝血检查_凝血酶时间(TT)-静脉血_检验定量结果单位,lab_cruor_testing_TT_unit
136,,凝血检查_凝血酶时间(TT)-静脉血-定性_检验日期,lab_cruor_testing_TT_test_time
137,,凝血检查_凝血酶时间(TT)-静脉血-定性_检验定量结果,lab_cruor_testing_TT_test_result
138,,凝血检查_凝血酶时间(TT)-静脉血-定性_检验定量结果单位,lab_cruor_testing_TT_unit
139,,凝血检查_凝血酶原时间(PT)-静脉血_检验日期,lab_cruor_testing_PT_test_time
140,,凝血检查_凝血酶原时间(PT)-静脉血_检验定量结果,lab_cruor_testing_PT_test_result
141,,凝血检查_凝血酶原时间(PT)-静脉血_检验定量结果单位,lab_cruor_testing_PT_unit
142,,凝血检查_活化部分凝血活酶时间(APTT)-静脉血_检验日期,lab_cruor_testing_APTT_test_time
143,,凝血检查_活化部分凝血活酶时间(APTT)-静脉血_检验定量结果,lab_cruor_testing_APTT_test_result
144,,凝血检查_活化部分凝血活酶时间(APTT)-静脉血_检验定量结果单位,lab_cruor_testing_APTT_unit
145,,凝血检查_活化部分凝血活酶时间比值(APTTR)-静脉血_检验日期,lab_cruor_testing_APTTR_test_time
146,,凝血检查_活化部分凝血活酶时间比值(APTTR)-静脉血_检验定量结果,lab_cruor_testing_APTTR_test_result
147,,凝血检查_活化部分凝血活酶时间比值(APTTR)-静脉血_检验定量结果单位,lab_cruor_testing_APTTR_unit
148,,凝血检查_凝血酶原国际标准化比值(PT-INR)-静脉血_检验日期,lab_cruor_testing_PT-INR_test_time
149,,凝血检查_凝血酶原国际标准化比值(PT-INR)-静脉血_检验定量结果,lab_cruor_testing_PT-INR_test_result
150,,凝血检查_凝血酶原国际标准化比值(PT-INR)-静脉血_检验定量结果单位,lab_cruor_testing_PT-INR_unit
151,,凝血检查_抗凝血酶III活性(ATIII:A)-静脉血_检验日期,lab_cruor_testing_ATIII:A_test_time
152,,凝血检查_抗凝血酶III活性(ATIII:A)-静脉血_检验定量结果,lab_cruor_testing_ATIII:A_test_result
153,,凝血检查_抗凝血酶III活性(ATIII:A)-静脉血_检验定量结果单位,lab_cruor_testing_ATIII:A_unit
154,,凝血检查_抗凝血酶III活性(ATIII:A)-静脉血-定性_检验日期,lab_cruor_testing_ATIII:A_test_time
155,,凝血检查_抗凝血酶III活性(ATIII:A)-静脉血-定性_检验定量结果,lab_cruor_testing_ATIII:A_test_result
156,,凝血检查_抗凝血酶III活性(ATIII:A)-静脉血-定性_检验定量结果单位,lab_cruor_testing_ATIII:A_unit
157,,凝血检查_D-二聚体(D-Dimer)-静脉血_检验日期,lab_cruor_testing_D-Dimer_test_time
158,,凝血检查_D-二聚体(D-Dimer)-静脉血_检验定量结果,lab_cruor_testing_D-Dimer_test_result
159,,凝血检查_D-二聚体(D-Dimer)-静脉血_检验定量结果单位,lab_cruor_testing_D-Dimer_unit
160,,凝血检查_纤维蛋白原降解产物(FDP)-静脉血_检验日期,lab_cruor_testing_FDP_test_time
161,,凝血检查_纤维蛋白原降解产物(FDP)-静脉血_检验定量结果,lab_cruor_testing_FDP_test_result
162,,凝血检查_纤维蛋白原降解产物(FDP)-静脉血_检验定量结果单位,lab_cruor_testing_FDP_unit
163,,凝血检查_纤维蛋白原(Fbg)-静脉血_检验日期,lab_cruor_testing_Fbg_test_time
164,,凝血检查_纤维蛋白原(Fbg)-静脉血_检验定量结果,lab_cruor_testing_Fbg_test_result
165,,凝血检查_纤维蛋白原(Fbg)-静脉血_检验定量结果单位,lab_cruor_testing_Fbg_unit
166,,凝血检查_凝血酶原时间活动度(PTA)-静脉血_检验日期,lab_cruor_testing_PTA_test_time
167,,凝血检查_凝血酶原时间活动度(PTA)-静脉血_检验定量结果,lab_cruor_testing_PTA_test_result
168,,凝血检查_凝血酶原时间活动度(PTA)-静脉血_检验定量结果单位,lab_cruor_testing_PTA_unit
169,,vsn_生化检查,vsn_lab_biochemical_tests
170,,生化检查_丙氨酸氨基转移酶(ALT)-静脉血_检验日期,lab_biochemical_tests_ALT_test_time
171,,生化检查_丙氨酸氨基转移酶(ALT)-静脉血_检验定量结果,lab_biochemical_tests_ALT_test_result
172,,生化检查_丙氨酸氨基转移酶(ALT)-静脉血_检验定量结果单位,lab_biochemical_tests_ALT_unit
173,,生化检查_天门冬氨酸氨基转移酶(AST)-静脉血_检验日期,lab_biochemical_tests_AST_test_time
174,,生化检查_天门冬氨酸氨基转移酶(AST)-静脉血_检验定量结果,lab_biochemical_tests_AST_test_result
175,,生化检查_天门冬氨酸氨基转移酶(AST)-静脉血_检验定量结果单位,lab_biochemical_tests_AST_unit
176,,生化检查_γ-谷氨酰基转移酶(GGT)-静脉血_检验日期,lab_biochemical_tests_GGT_test_time
177,,生化检查_γ-谷氨酰基转移酶(GGT)-静脉血_检验定量结果,lab_biochemical_tests_GGT_test_result
178,,生化检查_γ-谷氨酰基转移酶(GGT)-静脉血_检验定量结果单位,lab_biochemical_tests_GGT_unit
179,,生化检查_总胆红素(TBIL)-静脉血_检验日期,lab_biochemical_tests_TBIL_test_time
180,,生化检查_总胆红素(TBIL)-静脉血_检验定量结果,lab_biochemical_tests_TBIL_test_result
181,,生化检查_总胆红素(TBIL)-静脉血_检验定量结果单位,lab_biochemical_tests_TBIL_unit
182,,生化检查_直接胆红素(DBIL)-静脉血_检验日期,lab_biochemical_tests_DBIL_test_time
183,,生化检查_直接胆红素(DBIL)-静脉血_检验定量结果,lab_biochemical_tests_DBIL_test_result
184,,生化检查_直接胆红素(DBIL)-静脉血_检验定量结果单位,lab_biochemical_tests_DBIL_unit
185,,生化检查_间接胆红素(IBIL)-静脉血_检验日期,lab_biochemical_tests_IBIL_test_time
186,,生化检查_间接胆红素(IBIL)-静脉血_检验定量结果,lab_biochemical_tests_IBIL_test_result
187,,生化检查_间接胆红素(IBIL)-静脉血_检验定量结果单位,lab_biochemical_tests_IBIL_unit
188,,生化检查_白蛋白(ALB)-静脉血_检验日期,lab_biochemical_tests_ALB_test_time
189,,生化检查_白蛋白(ALB)-静脉血_检验定量结果,lab_biochemical_tests_ALB_test_result
190,,生化检查_白蛋白(ALB)-静脉血_检验定量结果单位,lab_biochemical_tests_ALB_unit
191,,生化检查_球蛋白(GLO)-静脉血_检验日期,lab_biochemical_tests_GLO_test_time
192,,生化检查_球蛋白(GLO)-静脉血_检验定量结果,lab_biochemical_tests_GLO_test_result
193,,生化检查_球蛋白(GLO)-静脉血_检验定量结果单位,lab_biochemical_tests_GLO_unit
194,,生化检查_总蛋白(TP)-静脉血_检验日期,lab_biochemical_tests_TP_test_time
195,,生化检查_总蛋白(TP)-静脉血_检验定量结果,lab_biochemical_tests_TP_test_result
196,,生化检查_总蛋白(TP)-静脉血_检验定量结果单位,lab_biochemical_tests_TP_unit
197,,生化检查_白蛋白/球蛋白比值(ALB/GLO)-静脉血_检验日期,lab_biochemical_tests_ALB/GLO_test_time
198,,生化检查_白蛋白/球蛋白比值(ALB/GLO)-静脉血_检验定量结果,lab_biochemical_tests_ALB/GLO_test_result
199,,生化检查_白蛋白/球蛋白比值(ALB/GLO)-静脉血_检验定量结果单位,lab_biochemical_tests_ALB/GLO_unit
200,,生化检查_前白蛋白(PA)-静脉血_检验日期,lab_biochemical_tests_PA_test_time
201,,生化检查_前白蛋白(PA)-静脉血_检验定量结果,lab_biochemical_tests_PA_test_result
202,,生化检查_前白蛋白(PA)-静脉血_检验定量结果单位,lab_biochemical_tests_PA_unit
203,,生化检查_总胆汁酸(TBA)-静脉血_检验日期,lab_biochemical_tests_TBA_test_time
204,,生化检查_总胆汁酸(TBA)-静脉血_检验定量结果,lab_biochemical_tests_TBA_test_result
205,,生化检查_总胆汁酸(TBA)-静脉血_检验定量结果单位,lab_biochemical_tests_TBA_unit
206,,生化检查_肌酐(Crea)-静脉血_检验日期,lab_biochemical_tests_Crea_test_time
207,,生化检查_肌酐(Crea)-静脉血_检验定量结果,lab_biochemical_tests_Crea_test_result
208,,生化检查_肌酐(Crea)-静脉血_检验定量结果单位,lab_biochemical_tests_Crea_unit
209,,生化检查_尿素(Urea)-静脉血_检验日期,lab_biochemical_tests_Urea_test_time
210,,生化检查_尿素(Urea)-静脉血_检验定量结果,lab_biochemical_tests_Urea_test_result
211,,生化检查_尿素(Urea)-静脉血_检验定量结果单位,lab_biochemical_tests_Urea_unit
212,,生化检查_尿酸(UA)-静脉血_检验日期,lab_biochemical_tests_UA_test_time
213,,生化检查_尿酸(UA)-静脉血_检验定量结果,lab_biochemical_tests_UA_test_result
214,,生化检查_尿酸(UA)-静脉血_检验定量结果单位,lab_biochemical_tests_UA_unit
215,,生化检查_总胆固醇(TC)-静脉血_检验日期,lab_biochemical_tests_TC_test_time
216,,生化检查_总胆固醇(TC)-静脉血_检验定量结果,lab_biochemical_tests_TC_test_result
217,,生化检查_总胆固醇(TC)-静脉血_检验定量结果单位,lab_biochemical_tests_TC_unit
218,,生化检查_甘油三酯(TG)-静脉血_检验日期,lab_biochemical_tests_TG_test_time
219,,生化检查_甘油三酯(TG)-静脉血_检验定量结果,lab_biochemical_tests_TG_test_result
220,,生化检查_甘油三酯(TG)-静脉血_检验定量结果单位,lab_biochemical_tests_TG_unit
221,,生化检查_高密度脂蛋白胆固醇(HDL-C)-静脉血_检验日期,lab_biochemical_tests_HDL-C_test_time
222,,生化检查_高密度脂蛋白胆固醇(HDL-C)-静脉血_检验定量结果,lab_biochemical_tests_HDL-C_test_result
223,,生化检查_高密度脂蛋白胆固醇(HDL-C)-静脉血_检验定量结果单位,lab_biochemical_tests_HDL-C_unit
224,,生化检查_低密度脂蛋白胆固醇(LDL-C)-静脉血_检验日期,lab_biochemical_tests_LDL-C_test_time
225,,生化检查_低密度脂蛋白胆固醇(LDL-C)-静脉血_检验定量结果,lab_biochemical_tests_LDL-C_test_result
226,,生化检查_低密度脂蛋白胆固醇(LDL-C)-静脉血_检验定量结果单位,lab_biochemical_tests_LDL-C_unit
227,,生化检查_脂蛋白a(LPa)-静脉血_检验日期,lab_biochemical_tests_LPa_test_time
228,,生化检查_脂蛋白a(LPa)-静脉血_检验定量结果,lab_biochemical_tests_LPa_test_result
229,,生化检查_脂蛋白a(LPa)-静脉血_检验定量结果单位,lab_biochemical_tests_LPa_unit
230,,生化检查_载脂蛋白AI(apoAI)-静脉血_检验日期,lab_biochemical_tests_apoAI_test_time
231,,生化检查_载脂蛋白AI(apoAI)-静脉血_检验定量结果,lab_biochemical_tests_apoAI_test_result
232,,生化检查_载脂蛋白AI(apoAI)-静脉血_检验定量结果单位,lab_biochemical_tests_apoAI_unit
233,,生化检查_载脂蛋白B(apoB)-静脉血_检验日期,lab_biochemical_tests_apoB_test_time
234,,生化检查_载脂蛋白B(apoB)-静脉血_检验定量结果,lab_biochemical_tests_apoB_test_result
235,,生化检查_载脂蛋白B(apoB)-静脉血_检验定量结果单位,lab_biochemical_tests_apoB_unit
236,,生化检查_钾离子(K+)-静脉血_检验日期,lab_biochemical_tests_K+_test_time
237,,生化检查_钾离子(K+)-静脉血_检验定量结果,lab_biochemical_tests_K+_test_result
238,,生化检查_钾离子(K+)-静脉血_检验定量结果单位,lab_biochemical_tests_K+_unit
239,,生化检查_钠离子(Na+)-静脉血_检验日期,lab_biochemical_tests_Na+_test_time
240,,生化检查_钠离子(Na+)-静脉血_检验定量结果,lab_biochemical_tests_Na+_test_result
241,,生化检查_钠离子(Na+)-静脉血_检验定量结果单位,lab_biochemical_tests_Na+_unit
242,,生化检查_氯离子(Cl-)-静脉血_检验日期,lab_biochemical_tests_Cl-_test_time
243,,生化检查_氯离子(Cl-)-静脉血_检验定量结果,lab_biochemical_tests_Cl-_test_result
244,,生化检查_氯离子(Cl-)-静脉血_检验定量结果单位,lab_biochemical_tests_Cl-_unit
245,,生化检查_总钙(Ca)-静脉血_检验日期,lab_biochemical_tests_Ca_test_time
246,,生化检查_总钙(Ca)-静脉血_检验定量结果,lab_biochemical_tests_Ca_test_result
247,,生化检查_总钙(Ca)-静脉血_检验定量结果单位,lab_biochemical_tests_Ca_unit
248,,生化检查_钙离子(Ca2+)-静脉血_检验日期,lab_biochemical_tests_Ca2+_test_time
249,,生化检查_钙离子(Ca2+)-静脉血_检验定量结果,lab_biochemical_tests_Ca2+_test_result
250,,生化检查_钙离子(Ca2+)-静脉血_检验定量结果单位,lab_biochemical_tests_Ca2+_unit
251,,生化检查_磷(P)-静脉血_检验日期,lab_biochemical_tests_P_test_time
252,,生化检查_磷(P)-静脉血_检验定量结果,lab_biochemical_tests_P_test_result
253,,生化检查_磷(P)-静脉血_检验定量结果单位,lab_biochemical_tests_P_unit
254,,生化检查_镁离子(Mg2+)-静脉血_检验日期,lab_biochemical_tests_Mg2+_test_time
255,,生化检查_镁离子(Mg2+)-静脉血_检验定量结果,lab_biochemical_tests_Mg2+_test_result
256,,生化检查_镁离子(Mg2+)-静脉血_检验定量结果单位,lab_biochemical_tests_Mg2+_unit
257,,生化检查_葡萄糖(Glu)-静脉血_检验日期,lab_biochemical_tests_Glu_test_time
258,,生化检查_葡萄糖(Glu)-静脉血_检验定量结果,lab_biochemical_tests_Glu_test_result
259,,生化检查_葡萄糖(Glu)-静脉血_检验定量结果单位,lab_biochemical_tests_Glu_unit
260,,生化检查_乳酸脱氢酶(LDH)-静脉血_检验日期,lab_biochemical_tests_LDH_test_time
261,,生化检查_乳酸脱氢酶(LDH)-静脉血_检验定量结果,lab_biochemical_tests_LDH_test_result
262,,生化检查_乳酸脱氢酶(LDH)-静脉血_检验定量结果单位,lab_biochemical_tests_LDH_unit
263,,生化检查_碱性磷酸酶(ALP)-静脉血_检验日期,lab_biochemical_tests_ALP_test_time
264,,生化检查_碱性磷酸酶(ALP)-静脉血_检验定量结果,lab_biochemical_tests_ALP_test_result
265,,生化检查_碱性磷酸酶(ALP)-静脉血_检验定量结果单位,lab_biochemical_tests_ALP_unit
266,,生化检查_腺苷脱氨酶(ADA)-静脉血_检验日期,lab_biochemical_tests_ADA_test_time
267,,生化检查_腺苷脱氨酶(ADA)-静脉血_检验定量结果,lab_biochemical_tests_ADA_test_result
268,,生化检查_腺苷脱氨酶(ADA)-静脉血_检验定量结果单位,lab_biochemical_tests_ADA_unit
269,,生化检查_胆碱酯酶(ChE)-静脉血_检验日期,lab_biochemical_tests_ChE_test_time
270,,生化检查_胆碱酯酶(ChE)-静脉血_检验定量结果,lab_biochemical_tests_ChE_test_result
271,,生化检查_胆碱酯酶(ChE)-静脉血_检验定量结果单位,lab_biochemical_tests_ChE_unit
272,,生化检查_同型半胱氨酸(HCY)-静脉血_检验日期,lab_biochemical_tests_HCY_test_time
273,,生化检查_同型半胱氨酸(HCY)-静脉血_检验定量结果,lab_biochemical_tests_HCY_test_result
274,,生化检查_同型半胱氨酸(HCY)-静脉血_检验定量结果单位,lab_biochemical_tests_HCY_unit
275,,生化检查_α1抗胰蛋白酶(α1-AT)-静脉血_检验日期,lab_biochemical_tests_α1-AT_test_time
276,,生化检查_α1抗胰蛋白酶(α1-AT)-静脉血_检验定量结果,lab_biochemical_tests_α1-AT_test_result
277,,生化检查_α1抗胰蛋白酶(α1-AT)-静脉血_检验定量结果单位,lab_biochemical_tests_α1-AT_unit
278,,生化检查_α-L-岩藻糖苷酶(AFU)-静脉血_检验日期,lab_biochemical_tests_AFU_test_time
279,,生化检查_α-L-岩藻糖苷酶(AFU)-静脉血_检验定量结果,lab_biochemical_tests_AFU_test_result
280,,生化检查_α-L-岩藻糖苷酶(AFU)-静脉血_检验定量结果单位,lab_biochemical_tests_AFU_unit
281,,生化检查_α1球蛋白(α1-GLO)-静脉血_检验日期,lab_biochemical_tests_α1-GLO_test_time
282,,生化检查_α1球蛋白(α1-GLO)-静脉血_检验定量结果,lab_biochemical_tests_α1-GLO_test_result
283,,生化检查_α1球蛋白(α1-GLO)-静脉血_检验定量结果单位,lab_biochemical_tests_α1-GLO_unit
284,,生化检查_α2球蛋白(α2-GLO)-静脉血_检验日期,lab_biochemical_tests_α2-GLO_test_time
285,,生化检查_α2球蛋白(α2-GLO)-静脉血_检验定量结果,lab_biochemical_tests_α2-GLO_test_result
286,,生化检查_α2球蛋白(α2-GLO)-静脉血_检验定量结果单位,lab_biochemical_tests_α2-GLO_unit
287,,生化检查_β1球蛋白(β1-GLO)-静脉血_检验日期,lab_biochemical_tests_β1-GLO_test_time
288,,生化检查_β1球蛋白(β1-GLO)-静脉血_检验定量结果,lab_biochemical_tests_β1-GLO_test_result
289,,生化检查_β1球蛋白(β1-GLO)-静脉血_检验定量结果单位,lab_biochemical_tests_β1-GLO_unit
290,,生化检查_β2球蛋白(β2-GLO)-静脉血_检验日期,lab_biochemical_tests_β2-GLO_test_time
291,,生化检查_β2球蛋白(β2-GLO)-静脉血_检验定量结果,lab_biochemical_tests_β2-GLO_test_result
292,,生化检查_β2球蛋白(β2-GLO)-静脉血_检验定量结果单位,lab_biochemical_tests_β2-GLO_unit
293,,生化检查_β球蛋白(β-GLO)-静脉血_检验日期,lab_biochemical_tests_β-GLO_test_time
294,,生化检查_β球蛋白(β-GLO)-静脉血_检验定量结果,lab_biochemical_tests_β-GLO_test_result
295,,生化检查_β球蛋白(β-GLO)-静脉血_检验定量结果单位,lab_biochemical_tests_β-GLO_unit
296,,生化检查_γ球蛋白(γ-GLO)-静脉血_检验日期,lab_biochemical_tests_γ-GLO_test_time
297,,生化检查_γ球蛋白(γ-GLO)-静脉血_检验定量结果,lab_biochemical_tests_γ-GLO_test_result
298,,生化检查_γ球蛋白(γ-GLO)-静脉血_检验定量结果单位,lab_biochemical_tests_γ-GLO_unit
299,,生化检查_脂肪酶(LPS)-静脉血_检验日期,lab_biochemical_tests_LPS_test_time
300,,生化检查_脂肪酶(LPS)-静脉血_检验定量结果,lab_biochemical_tests_LPS_test_result
301,,生化检查_脂肪酶(LPS)-静脉血_检验定量结果单位,lab_biochemical_tests_LPS_unit
302,,生化检查_游离脂肪酸(FFA)-静脉血_检验日期,lab_biochemical_tests_FFA_test_time
303,,生化检查_游离脂肪酸(FFA)-静脉血_检验定量结果,lab_biochemical_tests_FFA_test_result
304,,生化检查_游离脂肪酸(FFA)-静脉血_检验定量结果单位,lab_biochemical_tests_FFA_unit
305,,生化检查_视黄醇结合蛋白(RBP)-静脉血_检验日期,lab_biochemical_tests_RBP_test_time
306,,生化检查_视黄醇结合蛋白(RBP)-静脉血_检验定量结果,lab_biochemical_tests_RBP_test_result
307,,生化检查_视黄醇结合蛋白(RBP)-静脉血_检验定量结果单位,lab_biochemical_tests_RBP_unit
308,,生化检查_胱抑素(Cys-C)-静脉血_检验日期,lab_biochemical_tests_Cys-C_test_time
309,,生化检查_胱抑素(Cys-C)-静脉血_检验定量结果,lab_biochemical_tests_Cys-C_test_result
310,,生化检查_胱抑素(Cys-C)-静脉血_检验定量结果单位,lab_biochemical_tests_Cys-C_unit
311,,生化检查_淀粉酶(Amy)-静脉血_检验日期,lab_biochemical_tests_Amy_test_time
312,,生化检查_淀粉酶(Amy)-静脉血_检验定量结果,lab_biochemical_tests_Amy_test_result
313,,生化检查_淀粉酶(Amy)-静脉血_检验定量结果单位,lab_biochemical_tests_Amy_unit
314,,生化检查_阴离子间隙(AG)-静脉血_检验日期,lab_biochemical_tests_AG_test_time
315,,生化检查_阴离子间隙(AG)-静脉血_检验定量结果,lab_biochemical_tests_AG_test_result
316,,生化检查_阴离子间隙(AG)-静脉血_检验定量结果单位,lab_biochemical_tests_AG_unit
317,,生化检查_阴离子间隙(AG)-静脉血-定性_检验日期,lab_biochemical_tests_AG_test_time
318,,生化检查_阴离子间隙(AG)-静脉血-定性_检验定量结果,lab_biochemical_tests_AG_test_result
319,,生化检查_阴离子间隙(AG)-静脉血-定性_检验定量结果单位,lab_biochemical_tests_AG_unit
320,,生化检查_载脂蛋白A(apoA)-静脉血_检验日期,lab_biochemical_tests_apoA_test_time
321,,生化检查_载脂蛋白A(apoA)-静脉血_检验定量结果,lab_biochemical_tests_apoA_test_result
322,,生化检查_载脂蛋白A(apoA)-静脉血_检验定量结果单位,lab_biochemical_tests_apoA_unit
323,,生化检查_载脂蛋白E(apoE)-静脉血_检验日期,lab_biochemical_tests_apoE_test_time
324,,生化检查_载脂蛋白E(apoE)-静脉血_检验定量结果,lab_biochemical_tests_apoE_test_result
325,,生化检查_载脂蛋白E(apoE)-静脉血_检验定量结果单位,lab_biochemical_tests_apoE_unit
326,,生化检查_内生肌酐清除率(CCR)-静脉血_检验日期,lab_biochemical_tests_CCR_test_time
327,,生化检查_内生肌酐清除率(CCR)-静脉血_检验定量结果,lab_biochemical_tests_CCR_test_result
328,,生化检查_内生肌酐清除率(CCR)-静脉血_检验定量结果单位,lab_biochemical_tests_CCR_unit
329,,生化检查_α-羟丁酸脱氢酶(α-HBDH)-静脉血_检验日期,lab_biochemical_tests_α-HBDH_test_time
330,,生化检查_α-羟丁酸脱氢酶(α-HBDH)-静脉血_检验定量结果,lab_biochemical_tests_α-HBDH_test_result
331,,生化检查_α-羟丁酸脱氢酶(α-HBDH)-静脉血_检验定量结果单位,lab_biochemical_tests_α-HBDH_unit
332,,生化检查_胆红素(BIL)-静脉血_检验日期,lab_biochemical_tests_BIL_test_time
333,,生化检查_胆红素(BIL)-静脉血_检验定量结果,lab_biochemical_tests_BIL_test_result
334,,生化检查_胆红素(BIL)-静脉血_检验定量结果单位,lab_biochemical_tests_BIL_unit
335,,生化检查_胆红素(BIL)-静脉血-定性_检验日期,lab_biochemical_tests_BIL_test_time
336,,生化检查_胆红素(BIL)-静脉血-定性_检验定量结果,lab_biochemical_tests_BIL_test_result
337,,生化检查_胆红素(BIL)-静脉血-定性_检验定量结果单位,lab_biochemical_tests_BIL_unit
338,,生化检查_葡萄糖(Glu)-静脉血(空腹)_检验日期,lab_biochemical_tests_Glu_test_time
339,,生化检查_葡萄糖(Glu)-静脉血(空腹)_检验定量结果,lab_biochemical_tests_Glu_test_result
340,,生化检查_葡萄糖(Glu)-静脉血(空腹)_检验定量结果单位,lab_biochemical_tests_Glu_unit
341,,vsn_C反应蛋白检测,vsn_lab_crp_tests
342,,C反应蛋白检测_C-反应蛋白(CRP)-静脉血_检验日期,lab_crp_tests_CRP_test_time
343,,C反应蛋白检测_C-反应蛋白(CRP)-静脉血_检验定量结果,lab_crp_tests_CRP_test_result
344,,C反应蛋白检测_C-反应蛋白(CRP)-静脉血_检验定量结果单位,lab_crp_tests_CRP_unit
345,,C反应蛋白检测_C-反应蛋白(CRP)-静脉血-定性_检验日期,lab_crp_tests_CRP_test_time
346,,C反应蛋白检测_C-反应蛋白(CRP)-静脉血-定性_检验定量结果,lab_crp_tests_CRP_test_result
347,,C反应蛋白检测_C-反应蛋白(CRP)-静脉血-定性_检验定量结果单位,lab_crp_tests_CRP_unit
348,,C反应蛋白检测_超敏C反应蛋白(hs-CRP)-静脉血_检验日期,lab_crp_tests_hs-CRP_test_time
349,,C反应蛋白检测_超敏C反应蛋白(hs-CRP)-静脉血_检验定量结果,lab_crp_tests_hs-CRP_test_result
350,,C反应蛋白检测_超敏C反应蛋白(hs-CRP)-静脉血_检验定量结果单位,lab_crp_tests_hs-CRP_unit
351,,vsn_心衰和心肌损伤标志物,vsn_lab_myocardial_injury_markers
352,,心衰和心肌损伤标志物_N端脑钠肽前体(NT-ProBNP)-静脉血_检验日期,lab_myocardial_injury_markers_NT-ProBNP_test_time
353,,心衰和心肌损伤标志物_N端脑钠肽前体(NT-ProBNP)-静脉血_检验定量结果,lab_myocardial_injury_markers_NT-ProBNP_test_result
354,,心衰和心肌损伤标志物_N端脑钠肽前体(NT-ProBNP)-静脉血_检验定量结果单位,lab_myocardial_injury_markers_NT-ProBNP_unit
355,,心衰和心肌损伤标志物_N端脑钠肽前体(NT-ProBNP)-静脉血-定性_检验日期,lab_myocardial_injury_markers_NT-ProBNP_test_time
356,,心衰和心肌损伤标志物_N端脑钠肽前体(NT-ProBNP)-静脉血-定性_检验定量结果,lab_myocardial_injury_markers_NT-ProBNP_test_result
357,,心衰和心肌损伤标志物_N端脑钠肽前体(NT-ProBNP)-静脉血-定性_检验定量结果单位,lab_myocardial_injury_markers_NT-ProBNP_unit
358,,心衰和心肌损伤标志物_肌红蛋白(Mb)-静脉血_检验日期,lab_myocardial_injury_markers_Mb_test_time
359,,心衰和心肌损伤标志物_肌红蛋白(Mb)-静脉血_检验定量结果,lab_myocardial_injury_markers_Mb_test_result
360,,心衰和心肌损伤标志物_肌红蛋白(Mb)-静脉血_检验定量结果单位,lab_myocardial_injury_markers_Mb_unit
361,,心衰和心肌损伤标志物_肌红蛋白(Mb)-静脉血-定性_检验日期,lab_myocardial_injury_markers_Mb_test_time
362,,心衰和心肌损伤标志物_肌红蛋白(Mb)-静脉血-定性_检验定量结果,lab_myocardial_injury_markers_Mb_test_result
363,,心衰和心肌损伤标志物_肌红蛋白(Mb)-静脉血-定性_检验定量结果单位,lab_myocardial_injury_markers_Mb_unit
364,,心衰和心肌损伤标志物_心肌肌钙蛋白T(cTnT)-静脉血_检验日期,lab_myocardial_injury_markers_cTnT_test_time
365,,心衰和心肌损伤标志物_心肌肌钙蛋白T(cTnT)-静脉血_检验定量结果,lab_myocardial_injury_markers_cTnT_test_result
366,,心衰和心肌损伤标志物_心肌肌钙蛋白T(cTnT)-静脉血_检验定量结果单位,lab_myocardial_injury_markers_cTnT_unit
367,,心衰和心肌损伤标志物_心肌肌钙蛋白T(cTnT)-静脉血-定性_检验日期,lab_myocardial_injury_markers_cTnT_test_time
368,,心衰和心肌损伤标志物_心肌肌钙蛋白T(cTnT)-静脉血-定性_检验定量结果,lab_myocardial_injury_markers_cTnT_test_result
369,,心衰和心肌损伤标志物_心肌肌钙蛋白T(cTnT)-静脉血-定性_检验定量结果单位,lab_myocardial_injury_markers_cTnT_unit
370,,心衰和心肌损伤标志物_肌酸激酶(CK)-静脉血_检验日期,lab_myocardial_injury_markers_CK_test_time
371,,心衰和心肌损伤标志物_肌酸激酶(CK)-静脉血_检验定量结果,lab_myocardial_injury_markers_CK_test_result
372,,心衰和心肌损伤标志物_肌酸激酶(CK)-静脉血_检验定量结果单位,lab_myocardial_injury_markers_CK_unit
373,,心衰和心肌损伤标志物_肌酸激酶同工酶MB(CK-MB)-静脉血_检验日期,lab_myocardial_injury_markers_CK-MB_test_time
374,,心衰和心肌损伤标志物_肌酸激酶同工酶MB(CK-MB)-静脉血_检验定量结果,lab_myocardial_injury_markers_CK-MB_test_result
375,,心衰和心肌损伤标志物_肌酸激酶同工酶MB(CK-MB)-静脉血_检验定量结果单位,lab_myocardial_injury_markers_CK-MB_unit
376,,心衰和心肌损伤标志物_肌酸激酶同工酶MB(CK-MB)-静脉血-定性_检验日期,lab_myocardial_injury_markers_CK-MB_test_time
377,,心衰和心肌损伤标志物_肌酸激酶同工酶MB(CK-MB)-静脉血-定性_检验定量结果,lab_myocardial_injury_markers_CK-MB_test_result
378,,心衰和心肌损伤标志物_肌酸激酶同工酶MB(CK-MB)-静脉血-定性_检验定量结果单位,lab_myocardial_injury_markers_CK-MB_unit
379,,心衰和心肌损伤标志物_心肌肌钙蛋白I(cTnI)-静脉血_检验日期,lab_myocardial_injury_markers_cTnI_test_time
380,,心衰和心肌损伤标志物_心肌肌钙蛋白I(cTnI)-静脉血_检验定量结果,lab_myocardial_injury_markers_cTnI_test_result
381,,心衰和心肌损伤标志物_心肌肌钙蛋白I(cTnI)-静脉血_检验定量结果单位,lab_myocardial_injury_markers_cTnI_unit
382,,心衰和心肌损伤标志物_心肌肌钙蛋白I(cTnI)-静脉血-定性_检验日期,lab_myocardial_injury_markers_cTnI_test_time
383,,心衰和心肌损伤标志物_心肌肌钙蛋白I(cTnI)-静脉血-定性_检验定量结果,lab_myocardial_injury_markers_cTnI_test_result
384,,心衰和心肌损伤标志物_心肌肌钙蛋白I(cTnI)-静脉血-定性_检验定量结果单位,lab_myocardial_injury_markers_cTnI_unit
385,,心衰和心肌损伤标志物_脑钠肽(BNP)-静脉血_检验日期,lab_myocardial_injury_markers_BNP_test_time
386,,心衰和心肌损伤标志物_脑钠肽(BNP)-静脉血_检验定量结果,lab_myocardial_injury_markers_BNP_test_result
387,,心衰和心肌损伤标志物_脑钠肽(BNP)-静脉血_检验定量结果单位,lab_myocardial_injury_markers_BNP_unit
388,,心衰和心肌损伤标志物_脑钠肽(BNP)-静脉血-定性_检验日期,lab_myocardial_injury_markers_BNP_test_time
389,,心衰和心肌损伤标志物_脑钠肽(BNP)-静脉血-定性_检验定量结果,lab_myocardial_injury_markers_BNP_test_result
390,,心衰和心肌损伤标志物_脑钠肽(BNP)-静脉血-定性_检验定量结果单位,lab_myocardial_injury_markers_BNP_unit
391,,心衰和心肌损伤标志物_超敏心肌肌钙蛋白T(hs-cTnT)-静脉血_检验日期,lab_myocardial_injury_markers_hs-cTnT_test_time
392,,心衰和心肌损伤标志物_超敏心肌肌钙蛋白T(hs-cTnT)-静脉血_检验定量结果,lab_myocardial_injury_markers_hs-cTnT_test_result
393,,心衰和心肌损伤标志物_超敏心肌肌钙蛋白T(hs-cTnT)-静脉血_检验定量结果单位,lab_myocardial_injury_markers_hs-cTnT_unit
394,,心衰和心肌损伤标志物_超敏心肌肌钙蛋白T(hs-cTnT)-静脉血-定性_检验日期,lab_myocardial_injury_markers_hs-cTnT_test_time
395,,心衰和心肌损伤标志物_超敏心肌肌钙蛋白T(hs-cTnT)-静脉血-定性_检验定量结果,lab_myocardial_injury_markers_hs-cTnT_test_result
396,,心衰和心肌损伤标志物_超敏心肌肌钙蛋白T(hs-cTnT)-静脉血-定性_检验定量结果单位,lab_myocardial_injury_markers_hs-cTnT_unit
397,,心衰和心肌损伤标志物_α-羟丁酸脱氢酶(α-HBDH)-静脉血_检验日期,lab_myocardial_injury_markers_α-HBDH_test_time
398,,心衰和心肌损伤标志物_α-羟丁酸脱氢酶(α-HBDH)-静脉血_检验定量结果,lab_myocardial_injury_markers_α-HBDH_test_result
399,,心衰和心肌损伤标志物_α-羟丁酸脱氢酶(α-HBDH)-静脉血_检验定量结果单位,lab_myocardial_injury_markers_α-HBDH_unit
400,,vsn_颈部血管超声,vsn_cvus
401,,检查结论,exam_conclusion
402,,右颈总动脉IMT值(mm),right_cca_imt
403,,左颈总动脉IMT值(mm),left_cca_imt
404,,右颈内动脉IMT值(mm),right_ica_imt
405,,左颈内动脉IMT值(mm),left_ica_imt
406,,颈总动脉内径-左,jzdm_nj_1
407,,颈总动脉内径-右,jzdm_nj_2
408,,颈总动脉内膜厚度-左,jzdm_nmhd_1
409,,颈总动脉内膜厚度-右,jzdm_nmhd_2
410,,颈总动脉PI-左,jzdm_pi_1
411,,颈总动脉PI-右,jzdm_pi_2
412,,颈总动脉RI-左,jzdm_ri_1
413,,颈总动脉RI-右,jzdm_ri_2
414,,颈总动脉PSV-左,jzdm_psv_1
415,,颈总动脉PSV-右,jzdm_psv_2
416,,颈总动脉EDV-左,jzdm_edv_1
417,,颈总动脉EDV-右,jzdm_edv_2
418,,颈内动脉内径-左,jndm_nj_1
419,,颈内动脉内径-右,jndm_nj_2
420,,颈内动脉PI-左,jndm_pi_1
421,,颈内动脉PI-右,jndm_pi_2
422,,颈内动脉RI-左,jndm_ri_1
423,,颈内动脉RI-右,jndm_ri_2
424,,颈内动脉斑块-左,jndm_bk_1
425,,颈内动脉斑块-右,jndm_bk_2
426,,颈内动脉PSV-左,jndm_psv_1
427,,颈内动脉PSV-右,jndm_psv_2
428,,颈内动脉EDV-左,jndm_edv_1
429,,颈内动脉EDV-右,jndm_edv_2
430,,颈总动脉斑块-左,jzdm_bk_string_1
431,,颈总动脉斑块-右,jzdm_bk_string_2
