position,field
1,qc_source_dataset
2,qc_original_row_number
3,qc_nonmissing_count
4,qc_patient_row_count
5,qc_duplicate_rank_by_completeness
6,patient_sn
7,group_name
8,基线_gender
9,基线_birth_date
10,基线_inpatient_no_id
11,name
12,gender
13,ethnicity
14,birth_date
15,occupation
16,inpatient_no_id
17,marriage_status
18,education_level
19,vsn_vital_sign
20,heart_rate
21,vsn_vital_sign__dup02
22,systolic_pressure
23,vsn_cadio_ae_in_hospital
24,admission_date
25,ae_title
26,ae_date
27,death_time
28,death
29,is_cardiogenic_shock
30,is_vf
31,is_respiratory_cardiac_arrest
32,is_cerebral_infarction
33,is_cerebral_hemorrhage
34,is_iii_avb
35,is_RBBB
36,is_LBBB
37,is_perioperative_period_chest_open
38,is_LCOS
39,is_retroperitoneal_hematom
40,is_arrhythmia
41,is_cardiac_rupture
42,is_interventricular_septum_perforation
43,is_permanent_cardiac_pacemaker
44,vsn_discharge_record
45,discharge_diagnosis
46,vsn_vital_sign__dup03
47,diastolic_pressure
48,vsn_vital_sign__dup04
49,body_mass_index
50,vsn_vital_sign__dup05
51,height
52,vsn_vital_sign__dup06
53,weight
54,vsn_admission_record
55,is_diabetes
56,vsn_admission_record__dup02
57,is_hypertension
58,vsn_admission_record__dup03
59,is_coronary
60,vsn_admission_record__dup04
61,family_history
62,vsn_admission_record__dup05
63,personal_history
64,vsn_lab_blood_routine_examination
65,lab_blood_routine_examination_WBC_test_time
66,lab_blood_routine_examination_WBC_test_result
67,lab_blood_routine_examination_WBC_unit
68,lab_blood_routine_examination_RBC_test_time
69,lab_blood_routine_examination_RBC_test_result
70,lab_blood_routine_examination_RBC_unit
71,lab_blood_routine_examination_MCV_test_time
72,lab_blood_routine_examination_MCV_test_result
73,lab_blood_routine_examination_MCV_unit
74,lab_blood_routine_examination_MCHC_test_time
75,lab_blood_routine_examination_MCHC_test_result
76,lab_blood_routine_examination_MCHC_unit
77,lab_blood_routine_examination_MCH_test_time
78,lab_blood_routine_examination_MCH_test_result
79,lab_blood_routine_examination_MCH_unit
80,lab_blood_routine_examination_RDW_CV_test_time
81,lab_blood_routine_examination_RDW_CV_test_result
82,lab_blood_routine_examination_RDW_CV_unit
83,lab_blood_routine_examination_Lymph_test_time
84,lab_blood_routine_examination_Lymph_test_result
85,lab_blood_routine_examination_Lymph_unit
86,lab_blood_routine_examination_Lymph_test_time__dup02
87,lab_blood_routine_examination_Lymph_test_result__dup02
88,lab_blood_routine_examination_Lymph_unit__dup02
89,lab_blood_routine_examination_Mono_test_time
90,lab_blood_routine_examination_Mono_test_result
91,lab_blood_routine_examination_Mono_unit
92,lab_blood_routine_examination_Mono_test_time__dup02
93,lab_blood_routine_examination_Mono_test_result__dup02
94,lab_blood_routine_examination_Mono_unit__dup02
95,lab_blood_routine_examination_Neut_test_time
96,lab_blood_routine_examination_Neut_test_result
97,lab_blood_routine_examination_Neut_unit
98,lab_blood_routine_examination_Neut_test_time__dup02
99,lab_blood_routine_examination_Neut_test_result__dup02
100,lab_blood_routine_examination_Neut_unit__dup02
101,lab_blood_routine_examination_Hct_test_time
102,lab_blood_routine_examination_Hct_test_result
103,lab_blood_routine_examination_Hct_unit
104,lab_blood_routine_examination_Eos_test_time
105,lab_blood_routine_examination_Eos_test_result
106,lab_blood_routine_examination_Eos_unit
107,lab_blood_routine_examination_Baso_test_time
108,lab_blood_routine_examination_Baso_test_result
109,lab_blood_routine_examination_Baso_unit
110,lab_blood_routine_examination_Eos_test_time__dup02
111,lab_blood_routine_examination_Eos_test_result__dup02
112,lab_blood_routine_examination_Eos_unit__dup02
113,lab_blood_routine_examination_Baso_test_time__dup02
114,lab_blood_routine_examination_Baso_test_result__dup02
115,lab_blood_routine_examination_Baso_unit__dup02
116,lab_blood_routine_examination_Hb_test_time
117,lab_blood_routine_examination_Hb_test_result
118,lab_blood_routine_examination_Hb_unit
119,lab_blood_routine_examination_PLT_test_time
120,lab_blood_routine_examination_PLT_test_result
121,lab_blood_routine_examination_PLT_unit
122,lab_blood_routine_examination_MPV_test_time
123,lab_blood_routine_examination_MPV_test_result
124,lab_blood_routine_examination_MPV_unit
125,lab_blood_routine_examination_PDW_test_time
126,lab_blood_routine_examination_PDW_test_result
127,lab_blood_routine_examination_PDW_unit
128,lab_blood_routine_examination_test_time
129,lab_blood_routine_examination_test_result
130,lab_blood_routine_examination_unit
131,lab_blood_routine_examination_NRBC_test_time
132,lab_blood_routine_examination_NRBC_test_result
133,lab_blood_routine_examination_NRBC_unit
134,lab_blood_routine_examination_NRBC_test_time__dup02
135,lab_blood_routine_examination_NRBC_test_result__dup02
136,lab_blood_routine_examination_NRBC_unit__dup02
137,vsn_lab_cruor_testing
138,lab_cruor_testing_TT_test_time
139,lab_cruor_testing_TT_test_result
140,lab_cruor_testing_TT_unit
141,lab_cruor_testing_TT_test_time__dup02
142,lab_cruor_testing_TT_test_result__dup02
143,lab_cruor_testing_TT_unit__dup02
144,lab_cruor_testing_PT_test_time
145,lab_cruor_testing_PT_test_result
146,lab_cruor_testing_PT_unit
147,lab_cruor_testing_APTT_test_time
148,lab_cruor_testing_APTT_test_result
149,lab_cruor_testing_APTT_unit
150,lab_cruor_testing_APTTR_test_time
151,lab_cruor_testing_APTTR_test_result
152,lab_cruor_testing_APTTR_unit
153,lab_cruor_testing_PT_INR_test_time
154,lab_cruor_testing_PT_INR_test_result
155,lab_cruor_testing_PT_INR_unit
156,lab_cruor_testing_ATIII_A_test_time
157,lab_cruor_testing_ATIII_A_test_result
158,lab_cruor_testing_ATIII_A_unit
159,lab_cruor_testing_ATIII_A_test_time__dup02
160,lab_cruor_testing_ATIII_A_test_result__dup02
161,lab_cruor_testing_ATIII_A_unit__dup02
162,lab_cruor_testing_D_Dimer_test_time
163,lab_cruor_testing_D_Dimer_test_result
164,lab_cruor_testing_D_Dimer_unit
165,lab_cruor_testing_FDP_test_time
166,lab_cruor_testing_FDP_test_result
167,lab_cruor_testing_FDP_unit
168,lab_cruor_testing_Fbg_test_time
169,lab_cruor_testing_Fbg_test_result
170,lab_cruor_testing_Fbg_unit
171,lab_cruor_testing_PTA_test_time
172,lab_cruor_testing_PTA_test_result
173,lab_cruor_testing_PTA_unit
174,vsn_lab_biochemical_tests
175,lab_biochemical_tests_ALT_test_time
176,lab_biochemical_tests_ALT_test_result
177,lab_biochemical_tests_ALT_unit
178,lab_biochemical_tests_AST_test_time
179,lab_biochemical_tests_AST_test_result
180,lab_biochemical_tests_AST_unit
181,lab_biochemical_tests_GGT_test_time
182,lab_biochemical_tests_GGT_test_result
183,lab_biochemical_tests_GGT_unit
184,lab_biochemical_tests_TBIL_test_time
185,lab_biochemical_tests_TBIL_test_result
186,lab_biochemical_tests_TBIL_unit
187,lab_biochemical_tests_DBIL_test_time
188,lab_biochemical_tests_DBIL_test_result
189,lab_biochemical_tests_DBIL_unit
190,lab_biochemical_tests_IBIL_test_time
191,lab_biochemical_tests_IBIL_test_result
192,lab_biochemical_tests_IBIL_unit
193,lab_biochemical_tests_ALB_test_time
194,lab_biochemical_tests_ALB_test_result
195,lab_biochemical_tests_ALB_unit
196,lab_biochemical_tests_GLO_test_time
197,lab_biochemical_tests_GLO_test_result
198,lab_biochemical_tests_GLO_unit
199,lab_biochemical_tests_TP_test_time
200,lab_biochemical_tests_TP_test_result
201,lab_biochemical_tests_TP_unit
202,lab_biochemical_tests_ALB_GLO_test_time
203,lab_biochemical_tests_ALB_GLO_test_result
204,lab_biochemical_tests_ALB_GLO_unit
205,lab_biochemical_tests_PA_test_time
206,lab_biochemical_tests_PA_test_result
207,lab_biochemical_tests_PA_unit
208,lab_biochemical_tests_TBA_test_time
209,lab_biochemical_tests_TBA_test_result
210,lab_biochemical_tests_TBA_unit
211,lab_biochemical_tests_Crea_test_time
212,lab_biochemical_tests_Crea_test_result
213,lab_biochemical_tests_Crea_unit
214,lab_biochemical_tests_Urea_test_time
215,lab_biochemical_tests_Urea_test_result
216,lab_biochemical_tests_Urea_unit
217,lab_biochemical_tests_UA_test_time
218,lab_biochemical_tests_UA_test_result
219,lab_biochemical_tests_UA_unit
220,lab_biochemical_tests_TC_test_time
221,lab_biochemical_tests_TC_test_result
222,lab_biochemical_tests_TC_unit
223,lab_biochemical_tests_TG_test_time
224,lab_biochemical_tests_TG_test_result
225,lab_biochemical_tests_TG_unit
226,lab_biochemical_tests_HDL_C_test_time
227,lab_biochemical_tests_HDL_C_test_result
228,lab_biochemical_tests_HDL_C_unit
229,lab_biochemical_tests_LDL_C_test_time
230,lab_biochemical_tests_LDL_C_test_result
231,lab_biochemical_tests_LDL_C_unit
232,lab_biochemical_tests_LPa_test_time
233,lab_biochemical_tests_LPa_test_result
234,lab_biochemical_tests_LPa_unit
235,lab_biochemical_tests_apoAI_test_time
236,lab_biochemical_tests_apoAI_test_result
237,lab_biochemical_tests_apoAI_unit
238,lab_biochemical_tests_apoB_test_time
239,lab_biochemical_tests_apoB_test_result
240,lab_biochemical_tests_apoB_unit
241,lab_biochemical_tests_K_test_time
242,lab_biochemical_tests_K_test_result
243,lab_biochemical_tests_K_unit
244,lab_biochemical_tests_Na_test_time
245,lab_biochemical_tests_Na_test_result
246,lab_biochemical_tests_Na_unit
247,lab_biochemical_tests_Cl_test_time
248,lab_biochemical_tests_Cl_test_result
249,lab_biochemical_tests_Cl_unit
250,lab_biochemical_tests_Ca_test_time
251,lab_biochemical_tests_Ca_test_result
252,lab_biochemical_tests_Ca_unit
253,lab_biochemical_tests_Ca2_test_time
254,lab_biochemical_tests_Ca2_test_result
255,lab_biochemical_tests_Ca2_unit
256,lab_biochemical_tests_P_test_time
257,lab_biochemical_tests_P_test_result
258,lab_biochemical_tests_P_unit
259,lab_biochemical_tests_Mg2_test_time
260,lab_biochemical_tests_Mg2_test_result
261,lab_biochemical_tests_Mg2_unit
262,lab_biochemical_tests_Glu_test_time
263,lab_biochemical_tests_Glu_test_result
264,lab_biochemical_tests_Glu_unit
265,lab_biochemical_tests_LDH_test_time
266,lab_biochemical_tests_LDH_test_result
267,lab_biochemical_tests_LDH_unit
268,lab_biochemical_tests_ALP_test_time
269,lab_biochemical_tests_ALP_test_result
270,lab_biochemical_tests_ALP_unit
271,lab_biochemical_tests_ADA_test_time
272,lab_biochemical_tests_ADA_test_result
273,lab_biochemical_tests_ADA_unit
274,lab_biochemical_tests_ChE_test_time
275,lab_biochemical_tests_ChE_test_result
276,lab_biochemical_tests_ChE_unit
277,lab_biochemical_tests_HCY_test_time
278,lab_biochemical_tests_HCY_test_result
279,lab_biochemical_tests_HCY_unit
280,lab_biochemical_tests_1_AT_test_time
281,lab_biochemical_tests_1_AT_test_result
282,lab_biochemical_tests_1_AT_unit
283,lab_biochemical_tests_AFU_test_time
284,lab_biochemical_tests_AFU_test_result
285,lab_biochemical_tests_AFU_unit
286,lab_biochemical_tests_1_GLO_test_time
287,lab_biochemical_tests_1_GLO_test_result
288,lab_biochemical_tests_1_GLO_unit
289,lab_biochemical_tests_2_GLO_test_time
290,lab_biochemical_tests_2_GLO_test_result
291,lab_biochemical_tests_2_GLO_unit
292,lab_biochemical_tests_1_GLO_test_time__dup02
293,lab_biochemical_tests_1_GLO_test_result__dup02
294,lab_biochemical_tests_1_GLO_unit__dup02
295,lab_biochemical_tests_2_GLO_test_time__dup02
296,lab_biochemical_tests_2_GLO_test_result__dup02
297,lab_biochemical_tests_2_GLO_unit__dup02
298,lab_biochemical_tests_GLO_test_time__dup02
299,lab_biochemical_tests_GLO_test_result__dup02
300,lab_biochemical_tests_GLO_unit__dup02
301,lab_biochemical_tests_GLO_test_time__dup03
302,lab_biochemical_tests_GLO_test_result__dup03
303,lab_biochemical_tests_GLO_unit__dup03
304,lab_biochemical_tests_LPS_test_time
305,lab_biochemical_tests_LPS_test_result
306,lab_biochemical_tests_LPS_unit
307,lab_biochemical_tests_FFA_test_time
308,lab_biochemical_tests_FFA_test_result
309,lab_biochemical_tests_FFA_unit
310,lab_biochemical_tests_RBP_test_time
311,lab_biochemical_tests_RBP_test_result
312,lab_biochemical_tests_RBP_unit
313,lab_biochemical_tests_Cys_C_test_time
314,lab_biochemical_tests_Cys_C_test_result
315,lab_biochemical_tests_Cys_C_unit
316,lab_biochemical_tests_Amy_test_time
317,lab_biochemical_tests_Amy_test_result
318,lab_biochemical_tests_Amy_unit
319,lab_biochemical_tests_AG_test_time
320,lab_biochemical_tests_AG_test_result
321,lab_biochemical_tests_AG_unit
322,lab_biochemical_tests_AG_test_time__dup02
323,lab_biochemical_tests_AG_test_result__dup02
324,lab_biochemical_tests_AG_unit__dup02
325,lab_biochemical_tests_apoA_test_time
326,lab_biochemical_tests_apoA_test_result
327,lab_biochemical_tests_apoA_unit
328,lab_biochemical_tests_apoE_test_time
329,lab_biochemical_tests_apoE_test_result
330,lab_biochemical_tests_apoE_unit
331,lab_biochemical_tests_CCR_test_time
332,lab_biochemical_tests_CCR_test_result
333,lab_biochemical_tests_CCR_unit
334,lab_biochemical_tests_HBDH_test_time
335,lab_biochemical_tests_HBDH_test_result
336,lab_biochemical_tests_HBDH_unit
337,lab_biochemical_tests_BIL_test_time
338,lab_biochemical_tests_BIL_test_result
339,lab_biochemical_tests_BIL_unit
340,lab_biochemical_tests_BIL_test_time__dup02
341,lab_biochemical_tests_BIL_test_result__dup02
342,lab_biochemical_tests_BIL_unit__dup02
343,lab_biochemical_tests_Glu_test_time__dup02
344,lab_biochemical_tests_Glu_test_result__dup02
345,lab_biochemical_tests_Glu_unit__dup02
346,vsn_lab_crp_tests
347,lab_crp_tests_CRP_test_time
348,lab_crp_tests_CRP_test_result
349,lab_crp_tests_CRP_unit
350,lab_crp_tests_CRP_test_time__dup02
351,lab_crp_tests_CRP_test_result__dup02
352,lab_crp_tests_CRP_unit__dup02
353,lab_crp_tests_hs_CRP_test_time
354,lab_crp_tests_hs_CRP_test_result
355,lab_crp_tests_hs_CRP_unit
356,vsn_lab_myocardial_injury_markers
357,lab_myocardial_injury_markers_NT_ProBNP_test_time
358,lab_myocardial_injury_markers_NT_ProBNP_test_result
359,lab_myocardial_injury_markers_NT_ProBNP_unit
360,lab_myocardial_injury_markers_NT_ProBNP_test_time__dup02
361,lab_myocardial_injury_markers_NT_ProBNP_test_result__dup02
362,lab_myocardial_injury_markers_NT_ProBNP_unit__dup02
363,lab_myocardial_injury_markers_Mb_test_time
364,lab_myocardial_injury_markers_Mb_test_result
365,lab_myocardial_injury_markers_Mb_unit
366,lab_myocardial_injury_markers_Mb_test_time__dup02
367,lab_myocardial_injury_markers_Mb_test_result__dup02
368,lab_myocardial_injury_markers_Mb_unit__dup02
369,lab_myocardial_injury_markers_cTnT_test_time
370,lab_myocardial_injury_markers_cTnT_test_result
371,lab_myocardial_injury_markers_cTnT_unit
372,lab_myocardial_injury_markers_cTnT_test_time__dup02
373,lab_myocardial_injury_markers_cTnT_test_result__dup02
374,lab_myocardial_injury_markers_cTnT_unit__dup02
375,lab_myocardial_injury_markers_CK_test_time
376,lab_myocardial_injury_markers_CK_test_result
377,lab_myocardial_injury_markers_CK_unit
378,lab_myocardial_injury_markers_CK_MB_test_time
379,lab_myocardial_injury_markers_CK_MB_test_result
380,lab_myocardial_injury_markers_CK_MB_unit
381,lab_myocardial_injury_markers_CK_MB_test_time__dup02
382,lab_myocardial_injury_markers_CK_MB_test_result__dup02
383,lab_myocardial_injury_markers_CK_MB_unit__dup02
384,lab_myocardial_injury_markers_cTnI_test_time
385,lab_myocardial_injury_markers_cTnI_test_result
386,lab_myocardial_injury_markers_cTnI_unit
387,lab_myocardial_injury_markers_cTnI_test_time__dup02
388,lab_myocardial_injury_markers_cTnI_test_result__dup02
389,lab_myocardial_injury_markers_cTnI_unit__dup02
390,lab_myocardial_injury_markers_BNP_test_time
391,lab_myocardial_injury_markers_BNP_test_result
392,lab_myocardial_injury_markers_BNP_unit
393,lab_myocardial_injury_markers_BNP_test_time__dup02
394,lab_myocardial_injury_markers_BNP_test_result__dup02
395,lab_myocardial_injury_markers_BNP_unit__dup02
396,lab_myocardial_injury_markers_hs_cTnT_test_time
397,lab_myocardial_injury_markers_hs_cTnT_test_result
398,lab_myocardial_injury_markers_hs_cTnT_unit
399,lab_myocardial_injury_markers_hs_cTnT_test_time__dup02
400,lab_myocardial_injury_markers_hs_cTnT_test_result__dup02
401,lab_myocardial_injury_markers_hs_cTnT_unit__dup02
402,lab_myocardial_injury_markers_HBDH_test_time
403,lab_myocardial_injury_markers_HBDH_test_result
404,lab_myocardial_injury_markers_HBDH_unit
405,vsn_cvus
406,exam_conclusion
407,right_cca_imt
408,left_cca_imt
409,right_ica_imt
410,left_ica_imt
411,jzdm_nj_1
412,jzdm_nj_2
413,jzdm_nmhd_1
414,jzdm_nmhd_2
415,jzdm_pi_1
416,jzdm_pi_2
417,jzdm_ri_1
418,jzdm_ri_2
419,jzdm_psv_1
420,jzdm_psv_2
421,jzdm_edv_1
422,jzdm_edv_2
423,jndm_nj_1
424,jndm_nj_2
425,jndm_pi_1
426,jndm_pi_2
427,jndm_ri_1
428,jndm_ri_2
429,jndm_bk_1
430,jndm_bk_2
431,jndm_psv_1
432,jndm_psv_2
433,jndm_edv_1
434,jndm_edv_2
435,jzdm_bk_string_1
436,jzdm_bk_string_2
