source,sha256,bytes
HITS_V0.5.2_PUBLICATION_FREEZE/04_CANONICAL_RESULT_REGISTRY.csv,a3e2e6b4da20683fdd99d380e0027855b8d7da10cb29e39f4234ee3c9547536a,10155
HITS_V0.3.1_verified_completion_20260825/05_nested_cv_robustness.csv,2f0534664116db99e8bfccf909cde12f2415bcccb9c53e3b7f604193c76aa4eb,10691
HITS_V0.3.1_verified_completion_20260825/06_traditional_marker_comparison.csv,a7bf7e2decbf8596d6b9ce68910305c2650663636d97c784e19e59b50f0d6444,3393
HITS_V0.3.1_verified_completion_20260825/08_clinical_incremental_models.csv,23af1ebc8c18f4822c17f262f4a7491c4e6ddd78559ba77337c203cd7d9bf44c,2162
HITS_V0.3.1_verified_completion_20260825/07_paired_delta_auc_bootstrap.csv,ab658ec6a3eb79a7afc7acf98d79db2f39e86d2d313be34ccf8add7c6cdfb17d,6045
HITS_V0.3.1_verified_completion_20260825/10_fibrinogen_complete_case_sensitivity.csv,405d69621d74c4417bcde6f3195032b9d4254f4e71a1ea649a150a2574c72c57,1772
HITS_V0.3.1_verified_completion_20260825/16_variable_stability.csv,0efa13467619e419c50cb3c081b7d6376fff4a1e5107e3c4128b8bb202b39afe,2125
HITS_V0.3.1_verified_completion_20260825/01_candidate_missingness.csv,f3a4cf4070b805a0b33b95dc55b62dee732cf6d24b28f81dae3fa85709903a42,1364
HITS_V0.3_score_development/05_nested_cv_robustness_performance.csv,f50861d492bc9c3320ad83533968a10423ae260678fe5b4d9a1d01f695c1c4f2,10952
HITS_V0.5.1_final_QA_lock/08_asymmetric_bound_sensitivity.csv,b996813a9e4b3c79a04b7a0a7db3e367b497194ff99c74254b51ac9f85c1138d,2235
HITS_V0.5.1_final_QA_lock/06_clinical_enhanced_vs_PIV.csv,c056d7f7ac7e8f7853bbbaff1c3bd183078b0a1f25cca0407d67bc4f1c1bd2b2,1993
scripts/06_hits_ami_predevelopment_v0_2.py,089924ec5a58d09c3e96bdedd2a9316690eebd3f70377a058760a90b267ad91a,78400
HITS_V0.3.1_verified_completion_20260825/scripts/01_run_hits_v0_3_1_verified_completion.py,b1dcc686e2399c07c8125c373a16264dafbc7adf4b6703c809e4765fd7cf5922,80295
scripts/12_hits_v0_5_shift_robust_validation.py,480f3fb66ddd50ce09e8fb85ddf8edbfed834ff5f1b5d00e254c3a6f8b17e53d,58892
scripts/03_create_reviewer_rescue_package.R,2abce908691ad0be4f8e9aef357b121787d1454d1dc36b06c0d3303215c59540,8721
scripts/build_hits_manuscript_v1.R,721045ad4340de6fa2871b74d5c639e958098fc64a83c8754c562a6f50a4734f,63112
RECOVERED_FROM_DOWNLOADS_20260831/03_SUBMISSION_PACKS/HITS_BMC_Cardiovascular_Disorders_Submission_Pack_v1.0/04_SOURCE_TRACEABILITY/Figure_Source_Data_and_R_Scripts/plot_hits_clinical_figures.R,d3291586de10aeaa696735ff7f1975e12a9736af6ad3c852cff3af92e029e689,4665
RECOVERED_FROM_DOWNLOADS_20260831/03_SUBMISSION_PACKS/HITS_BMC_Cardiovascular_Disorders_Submission_Pack_v1.0/04_SOURCE_TRACEABILITY/Figure_Source_Data_and_R_Scripts/Figure3_source_data.csv,f543ad5a4438eb023216ccf97c0a7be11696944a619228733bbca1ef4d994a6a,1012
HITS_MANUSCRIPT_V1.0/03_FIGURES/Figure4_source_data.csv,f543ad5a4438eb023216ccf97c0a7be11696944a619228733bbca1ef4d994a6a,1012
HITS_MANUSCRIPT_V1.1_PRE_SUBMISSION_QA/03_FIGURES/Figure4_source_data.csv,f543ad5a4438eb023216ccf97c0a7be11696944a619228733bbca1ef4d994a6a,1012
HITS_MANUSCRIPT_V1.2.1_FINAL_HOTFIX/01_MANUSCRIPT/figures/Figure4_source_data.csv,f543ad5a4438eb023216ccf97c0a7be11696944a619228733bbca1ef4d994a6a,1012
LOCAL_DOWNLOADS/HITS_BMC_Manuscript_v1.2_EthicsNumber.docx,d53aec729ffbd3b34878573ec1286cb44df7dc89a5c352617d27cd57369d26a8,1294763
