source_role,filename,sha256,rows,columns,linkage_fields_or_scope,clinical_episode_linkage
Original primary mother export,冠心病+造影手术+20-26（减少附属）(1).csv,1725a9e4c9b963d2e4737188ed1b8915454792cdbb3d8e2034a7243bedddd239,2548,431,"Original wide patient-linked export; 2,548 rows / 431 columns; admission_date=146/2,548; WBC CBC test_time=2,268/2,548; fibrinogen test_time=2,128/2,548; no discharge/CAG/PCI/procedure date or lab-specific encounter key",NO
Frozen cleaned analysis master,master_cohort_cleaned.csv,f87691f5876ece3e70b2835284bf2412ed57edaf83ee7e198df6caa89669a660,2548,436,"Derived cleaned wide master used by historical selector; in the frozen N=1,820 cohort CBC time=1,820/1,820, admission date=130/1,820, fibrinogen time=1,707/1,820; no independent event table",NO
Scheme C source bundle,clean_EHR_master_database_schemeC_cleaned_csv(1).zip,623ef34fa5db8398680f8fe05a27cc36b15c5060e617a3cda934b8a9e3766104,NA,NA,"Archive members=11; includes cleaned master, outcome membership tables, dictionary and QC/crosswalk files; no encounter-level procedure/lab episode export",NO
Scheme C field dictionary,field_dictionary.csv,a0f59971bd006b46cfd2a054d6f99bc68c159fd6134370d0a14e9ab0ab0c26a3,758,20,Variable dictionary for the same cleaned export; field semantics do not provide missing encounter linkage,NO
Deidentified lineage master,master_cohort_cleaned_deidentified_v0.1.csv,bf7c5a584608d2a934d8c7ca623f917c1c741e15c143d3c286b28ae3894387e3,2548,433,"Derived from the same master; visit_id_hash_list is a patient-level aggregation from inpatient_no_id fields, not a per-lab/per-encounter crosswalk",NO
Lineage packaging script,make_cohort_lineage_v0_1_package.py,820fbbd87637cedbd46d1cdfe4dc069580a20fb66a6d0f1a0d678b9882e8d5f1,NA,NA,Code confirms visit hashes are generated from inpatient_no_id and baseline_inpatient_no_id and aggregated per patient,NO
Information-score source recovery inventory,v02_01_source_recovery__SOURCE_RECOVERY_INVENTORY.csv,f7f1667d8b7fbde211331e95a86400a00f9133938c8cb66815af1600464f51b5,159,16,"Prior local source search inventory; source candidates are derived or same source ecosystem, no complete validated index-hospitalization table",NO
Information-score index encounter audit,v02_02_encounter_reconstruction__index_encounter_audit.csv,632183df395d463007cac8c707c3e05aa89768e53d9ee221eeafd797258df38d,1658,10,Derived audit; status summarized in ALTERNATIVE_LINKAGE_SOURCE_AUDIT.csv,NO
Information-score CBC timing audit,v02_02_encounter_reconstruction__index_CBC_timing_audit.csv,6889342a30f8fb788e844bcaa1b3a01edecd2236ed242abaaec0122c3ccb7ab1,1658,14,Derived audit; status summarized in ALTERNATIVE_LINKAGE_SOURCE_AUDIT.csv,NO
Information-score prevalidation timing flags,cbc_admission_timing_flags.csv,00472ba4b29339c497ceb48f998818be0cd437aa98f4966161b6134312926bf4,1658,4,Derived date-flag audit; no same-stay adjudication,NO
Historical HITS selector script,06_hits_ami_predevelopment_v0_2.py,089924ec5a58d09c3e96bdedd2a9316690eebd3f70377a058760a90b267ad91a,NA,NA,Executable selection and phenotype code; no model entry point called in this audit,NOT_A_DATA_SOURCE
WP1R-B aggregate timing audit script,wp1r_b_timing_audit.py,e080b028aedb583395ec39e3da3ddb1fda93a1728e6de0fbb05bbb5828f71c28,NA,NA,This aggregate-only audit implementation; loads only historical selector/phenotype functions,NOT_A_DATA_SOURCE
WP1R-B package validator,validate_wp1r_b.py,f0e64eab0134cde8e107e5bea7e06aaf610c4e796c95a53ac9fafce0eef90342,NA,NA,"Package, denominator, cohort-count, and privacy validation code",NOT_A_DATA_SOURCE
Named original adverse-negative source export (not recovered),冠心病+造影手术+20-26-不良（减少附属）.csv,NOT_FOUND,NA,NA,Previously searched in Downloads and source_raw; no local copy found. Not an independent hospitalization or procedure source.,NOT_AVAILABLE
