analysis_id,model,patient_n,record_n,repeat_n,outer_fold_n_per_repeat,min_patients_per_repeat,max_patients_per_repeat,missing_prediction_n,probability_min,probability_max,patient_level_prediction_file_committed
primary_core,Continuous_HITS_Core,1820,18200,10,5,1820,1820,0,0.0016924396233071093,0.8889910849217451,False
primary_core,NLR,1820,18200,10,5,1820,1820,0,0.0665224334501936,0.8976672166237678,False
primary_core,PLR,1820,18200,10,5,1820,1820,0,0.05976150607599176,0.6346309936806842,False
primary_core,MLR,1820,18200,10,5,1820,1820,0,0.08636584062791908,0.9431899256937092,False
primary_core,SII,1820,18200,10,5,1820,1820,0,0.021774757994173305,0.8943318385098638,False
primary_core,SIRI,1820,18200,10,5,1820,1820,0,0.06667205255046903,0.9351801180628523,False
primary_core,PIV,1820,18200,10,5,1820,1820,0,0.0015359149100883413,0.8119464643034836,False
primary_core,HRR,1820,18200,10,5,1820,1820,0,0.023515461117968376,0.3874660194156002,False
primary_enhanced_imputed,Continuous_HITS_Enhanced,1820,18200,10,5,1820,1820,0,0.0019211120807759161,0.9211887587296584,False
primary_fbg_complete_case,Continuous_HITS_Core,1705,17050,10,5,1705,1705,0,0.0012796305427734207,0.899063961801071,False
primary_fbg_complete_case,Continuous_HITS_Enhanced,1705,17050,10,5,1705,1705,0,0.0013872162648014528,0.9363152783108613,False
primary_clinical,Clinical,1820,18200,10,5,1820,1820,0,0.150386390220994,0.37325625748131414,False
primary_clinical,Clinical_Plus_PIV,1820,18200,10,5,1820,1820,0,0.0012394092307507186,0.8279264043876154,False
primary_clinical,Clinical_Plus_Core,1820,18200,10,5,1820,1820,0,0.002606924683514718,0.913298375099592,False
primary_clinical,Clinical_Plus_Enhanced,1820,18200,10,5,1820,1820,0,0.004356560605638486,0.9504127605538978,False
primary_clinical_fbg_complete_case,Clinical,1705,17050,10,5,1705,1705,0,0.1394985478338605,0.3815971780838155,False
primary_clinical_fbg_complete_case,Clinical_Plus_PIV,1705,17050,10,5,1705,1705,0,0.0009462638772689644,0.838640414244138,False
primary_clinical_fbg_complete_case,Clinical_Plus_Core,1705,17050,10,5,1705,1705,0,0.002085763142878416,0.9191111630067784,False
primary_clinical_fbg_complete_case,Clinical_Plus_Enhanced,1705,17050,10,5,1705,1705,0,0.002314912050569985,0.9603977418245047,False
