manuscript_location,variable_result,source_file,source_value,manuscript_value,match
Table 2 / Results,PIV AUC (95% CI),HITS_BMC_MINOR_REVISION_WP2_TARGETED_ANALYSES/03_PRIMARY_PERFORMANCE/PRIMARY_MODEL_PERFORMANCE_CANONICAL.csv,"0.7080505320136745 [0.6777573646293071,0.7352535551335468]",0.708 (0.678-0.735),YES
Table 2 / Results,Core-7 AUC (95% CI),HITS_BMC_MINOR_REVISION_WP2_TARGETED_ANALYSES/03_PRIMARY_PERFORMANCE/PRIMARY_MODEL_PERFORMANCE_CANONICAL.csv,"0.7253504637053473 [0.6972291331992886,0.7526109516538609]",0.725 (0.697-0.753),YES
Table 2 / Results,Enhanced full cohort AUC (95% CI),HITS_BMC_MINOR_REVISION_WP2_TARGETED_ANALYSES/03_PRIMARY_PERFORMANCE/PRIMARY_MODEL_PERFORMANCE_CANONICAL.csv,"0.7351348645379661 [0.7100435434129415,0.7627597227434184]",0.735 (0.710-0.763),YES
Table 2 / Results,Core-7 minus PIV paired delta AUC,HITS_BMC_MINOR_REVISION_WP2_TARGETED_ANALYSES/03_PRIMARY_PERFORMANCE/PRIMARY_PAIRED_DELTAS_CANONICAL.csv,"0.017299931691672765 [0.0034460663635580064,0.030793997352151985]",0.017 (0.003-0.031),YES
Table 2,Brier,HITS_BMC_MINOR_REVISION_WP2_TARGETED_ANALYSES/03_PRIMARY_PERFORMANCE/PRIMARY_MODEL_PERFORMANCE_CANONICAL.csv,0.1628034060185146,0.163,YES
Table 2,calibration_intercept,HITS_BMC_MINOR_REVISION_WP2_TARGETED_ANALYSES/03_PRIMARY_PERFORMANCE/PRIMARY_MODEL_PERFORMANCE_CANONICAL.csv,-0.02579266307117025,-0.026,YES
Table 2,calibration_slope,HITS_BMC_MINOR_REVISION_WP2_TARGETED_ANALYSES/03_PRIMARY_PERFORMANCE/PRIMARY_MODEL_PERFORMANCE_CANONICAL.csv,0.9738763965042029,0.974,YES
Results / Table S9,Enhanced minus Core-7 complete-case delta AUC,HITS_BMC_MINOR_REVISION_WP2_TARGETED_ANALYSES/03_PRIMARY_PERFORMANCE/PRIMARY_PAIRED_DELTAS_CANONICAL.csv,"0.009677821948631982 [0.002300085305734942,0.016932265681489395]",0.010 (0.002-0.017),YES
Table 1,Age median [IQR] overall,Table1_age_rebuilt_source.csv,N=1820/1820; 58.8088735566096;50.3631149168019;67.6516287124308,"58.8 [50.4, 67.7]",YES
Table 1,Age median [IQR] AMI,Table1_age_rebuilt_source.csv,N=453/453; 57.4495027276399;48.8908054237938;66.5639951539046,"57.4 [48.9, 66.6]",YES
Table 1,Age median [IQR] non_AMI_CAD,Table1_age_rebuilt_source.csv,N=1367/1367; 59.319493213413;50.9237013764827;68.1903119160558,"59.3 [50.9, 68.2]",YES
Table 1,Age p-value,Table1_age_rebuilt_source.csv,0.00397399060591649,0.004,YES
Table 1 / Age,overall,Table1_age_rebuilt_source.csv,"58.8088735566096 [50.3631149168019, 67.6516287124308] (N=1820/1820)","58.8 [50.4, 67.7]",YES
Table 1 / Age,definite_ami,Table1_age_rebuilt_source.csv,"57.4495027276399 [48.8908054237938, 66.5639951539046] (N=453/453)","57.4 [48.9, 66.6]",YES
Table 1 / Age,definite_non_ami_cad,Table1_age_rebuilt_source.csv,"59.319493213413 [50.9237013764827, 68.1903119160558] (N=1367/1367)","59.3 [50.9, 68.2]",YES
Table 1 / Age,p_value,Table1_age_rebuilt_source.csv,0.00397399060591649,0.004,YES
Table 1 / Male sex,overall,05_SOURCE_TRACEABILITY/source_inputs/FINAL_TABLE1_LOCK.csv,1452/1820 (79.8%),1452/1820 (79.8%),YES
Table 1 / Male sex,definite_ami,05_SOURCE_TRACEABILITY/source_inputs/FINAL_TABLE1_LOCK.csv,376/453 (83.0%),376/453 (83.0%),YES
Table 1 / Male sex,definite_non_ami_cad,05_SOURCE_TRACEABILITY/source_inputs/FINAL_TABLE1_LOCK.csv,1076/1367 (78.7%),1076/1367 (78.7%),YES
Table 1 / Male sex,p_value,05_SOURCE_TRACEABILITY/source_inputs/FINAL_TABLE1_LOCK.csv,0.049,0.049,YES
Table 1 / Hypertension,overall,05_SOURCE_TRACEABILITY/source_inputs/FINAL_TABLE1_LOCK.csv,927/1741 (53.2%),927/1741 (53.2%),YES
Table 1 / Hypertension,definite_ami,05_SOURCE_TRACEABILITY/source_inputs/FINAL_TABLE1_LOCK.csv,201/435 (46.2%),201/435 (46.2%),YES
Table 1 / Hypertension,definite_non_ami_cad,05_SOURCE_TRACEABILITY/source_inputs/FINAL_TABLE1_LOCK.csv,726/1306 (55.6%),726/1306 (55.6%),YES
Table 1 / Hypertension,p_value,05_SOURCE_TRACEABILITY/source_inputs/FINAL_TABLE1_LOCK.csv,<0.001,<0.001,YES
Table 1 / Diabetes,overall,05_SOURCE_TRACEABILITY/source_inputs/FINAL_TABLE1_LOCK.csv,459/1772 (25.9%),459/1772 (25.9%),YES
Table 1 / Diabetes,definite_ami,05_SOURCE_TRACEABILITY/source_inputs/FINAL_TABLE1_LOCK.csv,109/442 (24.7%),109/442 (24.7%),YES
Table 1 / Diabetes,definite_non_ami_cad,05_SOURCE_TRACEABILITY/source_inputs/FINAL_TABLE1_LOCK.csv,350/1330 (26.3%),350/1330 (26.3%),YES
Table 1 / Diabetes,p_value,05_SOURCE_TRACEABILITY/source_inputs/FINAL_TABLE1_LOCK.csv,0.491,0.491,YES
Table 1 / Neutrophils,overall,05_SOURCE_TRACEABILITY/source_inputs/FINAL_TABLE1_LOCK.csv,"4.4 [3.5, 6.0]","4.4 [3.5, 6.0]",YES
Table 1 / Neutrophils,definite_ami,05_SOURCE_TRACEABILITY/source_inputs/FINAL_TABLE1_LOCK.csv,"5.7 [4.0, 8.5]","5.7 [4.0, 8.5]",YES
Table 1 / Neutrophils,definite_non_ami_cad,05_SOURCE_TRACEABILITY/source_inputs/FINAL_TABLE1_LOCK.csv,"4.2 [3.3, 5.3]","4.2 [3.3, 5.3]",YES
Table 1 / Neutrophils,p_value,05_SOURCE_TRACEABILITY/source_inputs/FINAL_TABLE1_LOCK.csv,<0.001,<0.001,YES
Table 1 / Lymphocytes,overall,05_SOURCE_TRACEABILITY/source_inputs/FINAL_TABLE1_LOCK.csv,"2.0 [1.5, 2.5]","2.0 [1.5, 2.5]",YES
Table 1 / Lymphocytes,definite_ami,05_SOURCE_TRACEABILITY/source_inputs/FINAL_TABLE1_LOCK.csv,"1.8 [1.3, 2.4]","1.8 [1.3, 2.4]",YES
Table 1 / Lymphocytes,definite_non_ami_cad,05_SOURCE_TRACEABILITY/source_inputs/FINAL_TABLE1_LOCK.csv,"2.0 [1.6, 2.5]","2.0 [1.6, 2.5]",YES
Table 1 / Lymphocytes,p_value,05_SOURCE_TRACEABILITY/source_inputs/FINAL_TABLE1_LOCK.csv,<0.001,<0.001,YES
Table 1 / Monocytes,overall,05_SOURCE_TRACEABILITY/source_inputs/FINAL_TABLE1_LOCK.csv,"0.5 [0.4, 0.7]","0.5 [0.4, 0.7]",YES
Table 1 / Monocytes,definite_ami,05_SOURCE_TRACEABILITY/source_inputs/FINAL_TABLE1_LOCK.csv,"0.6 [0.4, 0.8]","0.6 [0.4, 0.8]",YES
Table 1 / Monocytes,definite_non_ami_cad,05_SOURCE_TRACEABILITY/source_inputs/FINAL_TABLE1_LOCK.csv,"0.5 [0.4, 0.6]","0.5 [0.4, 0.6]",YES
Table 1 / Monocytes,p_value,05_SOURCE_TRACEABILITY/source_inputs/FINAL_TABLE1_LOCK.csv,<0.001,<0.001,YES
Table 1 / Platelets,overall,05_SOURCE_TRACEABILITY/source_inputs/FINAL_TABLE1_LOCK.csv,"215.0 [178.0, 255.0]","215.0 [178.0, 255.0]",YES
Table 1 / Platelets,definite_ami,05_SOURCE_TRACEABILITY/source_inputs/FINAL_TABLE1_LOCK.csv,"224.0 [183.0, 266.0]","224.0 [183.0, 266.0]",YES
Table 1 / Platelets,definite_non_ami_cad,05_SOURCE_TRACEABILITY/source_inputs/FINAL_TABLE1_LOCK.csv,"212.0 [175.5, 253.0]","212.0 [175.5, 253.0]",YES
Table 1 / Platelets,p_value,05_SOURCE_TRACEABILITY/source_inputs/FINAL_TABLE1_LOCK.csv,<0.001,<0.001,YES
Table 1 / MPV,overall,05_SOURCE_TRACEABILITY/source_inputs/FINAL_TABLE1_LOCK.csv,"10.3 [9.5, 11.1]","10.3 [9.5, 11.1]",YES
Table 1 / MPV,definite_ami,05_SOURCE_TRACEABILITY/source_inputs/FINAL_TABLE1_LOCK.csv,"10.3 [9.6, 11.1]","10.3 [9.6, 11.1]",YES
Table 1 / MPV,definite_non_ami_cad,05_SOURCE_TRACEABILITY/source_inputs/FINAL_TABLE1_LOCK.csv,"10.3 [9.5, 11.1]","10.3 [9.5, 11.1]",YES
Table 1 / MPV,p_value,05_SOURCE_TRACEABILITY/source_inputs/FINAL_TABLE1_LOCK.csv,0.673,0.673,YES
Table 1 / RDW,overall,05_SOURCE_TRACEABILITY/source_inputs/FINAL_TABLE1_LOCK.csv,"13.1 [12.6, 13.6]","13.1 [12.6, 13.6]",YES
Table 1 / RDW,definite_ami,05_SOURCE_TRACEABILITY/source_inputs/FINAL_TABLE1_LOCK.csv,"12.9 [12.4, 13.4]","12.9 [12.4, 13.4]",YES
Table 1 / RDW,definite_non_ami_cad,05_SOURCE_TRACEABILITY/source_inputs/FINAL_TABLE1_LOCK.csv,"13.1 [12.7, 13.6]","13.1 [12.7, 13.6]",YES
Table 1 / RDW,p_value,05_SOURCE_TRACEABILITY/source_inputs/FINAL_TABLE1_LOCK.csv,<0.001,<0.001,YES
Table 1 / Hemoglobin,overall,05_SOURCE_TRACEABILITY/source_inputs/FINAL_TABLE1_LOCK.csv,"142.0 [132.0, 152.0]","142.0 [132.0, 152.0]",YES
Table 1 / Hemoglobin,definite_ami,05_SOURCE_TRACEABILITY/source_inputs/FINAL_TABLE1_LOCK.csv,"144.0 [134.0, 155.0]","144.0 [134.0, 155.0]",YES
Table 1 / Hemoglobin,definite_non_ami_cad,05_SOURCE_TRACEABILITY/source_inputs/FINAL_TABLE1_LOCK.csv,"141.0 [131.0, 152.0]","141.0 [131.0, 152.0]",YES
Table 1 / Hemoglobin,p_value,05_SOURCE_TRACEABILITY/source_inputs/FINAL_TABLE1_LOCK.csv,0.009,0.009,YES
Table 1 / Fibrinogen,overall,05_SOURCE_TRACEABILITY/source_inputs/FINAL_TABLE1_LOCK.csv,"3.5 [3.1, 4.1]","3.5 [3.1, 4.1]",YES
Table 1 / Fibrinogen,definite_ami,05_SOURCE_TRACEABILITY/source_inputs/FINAL_TABLE1_LOCK.csv,"3.8 [3.2, 4.5]","3.8 [3.2, 4.5]",YES
Table 1 / Fibrinogen,definite_non_ami_cad,05_SOURCE_TRACEABILITY/source_inputs/FINAL_TABLE1_LOCK.csv,"3.5 [3.1, 3.9]","3.5 [3.1, 3.9]",YES
Table 1 / Fibrinogen,p_value,05_SOURCE_TRACEABILITY/source_inputs/FINAL_TABLE1_LOCK.csv,<0.001,<0.001,YES
Results / cohort flow,Raw source records,HITS_BMC_MINOR_REVISION_WP2_TARGETED_ANALYSES/00_EXECUTIVE/COHORT_FLOW_FINAL.csv,2548,"2,548",YES
Results / cohort flow,Unique patients,HITS_BMC_MINOR_REVISION_WP2_TARGETED_ANALYSES/00_EXECUTIVE/COHORT_FLOW_FINAL.csv,2279,"2,279",YES
Results / cohort flow,Discharge diagnosis available,HITS_BMC_MINOR_REVISION_WP2_TARGETED_ANALYSES/00_EXECUTIVE/COHORT_FLOW_FINAL.csv,1944,"1,944",YES
Results / cohort flow,Definite AMI before core CBC filter,HITS_BMC_MINOR_REVISION_WP2_TARGETED_ANALYSES/00_EXECUTIVE/COHORT_FLOW_FINAL.csv,456,456,YES
Results / cohort flow,Definite non-AMI CAD before core CBC filter,HITS_BMC_MINOR_REVISION_WP2_TARGETED_ANALYSES/00_EXECUTIVE/COHORT_FLOW_FINAL.csv,1372,"1,372",YES
Results / cohort flow,Primary cohort,HITS_BMC_MINOR_REVISION_WP2_TARGETED_ANALYSES/00_EXECUTIVE/COHORT_FLOW_FINAL.csv,1820,"1,820",YES
Results / cohort flow,Patients with one source record,HITS_BMC_REVISION_WP1_EVIDENCE_AUDIT/03_COHORT_FLOW/RECORD_MULTIPLICITY.csv,2010,"2,010",YES
Results / cohort flow,Patients with two source records,HITS_BMC_REVISION_WP1_EVIDENCE_AUDIT/03_COHORT_FLOW/RECORD_MULTIPLICITY.csv,269,269,YES
Results / clinical comparison,Clinical AUC (95% CI),HITS_BMC_MINOR_REVISION_WP2_TARGETED_ANALYSES/04_CLINICAL_INCREMENTAL/CLINICAL_INCREMENTAL_PERFORMANCE_CANONICAL.csv,"0.5457333524210156 [0.5147424413192908,0.5740583461841969]",0.546 (0.515-0.574),YES
Results / clinical comparison,Clinical+PIV AUC (95% CI),HITS_BMC_MINOR_REVISION_WP2_TARGETED_ANALYSES/04_CLINICAL_INCREMENTAL/CLINICAL_INCREMENTAL_PERFORMANCE_CANONICAL.csv,"0.7173316154419349 [0.6893502574487285,0.7449272889056614]",0.717 (0.689-0.745),YES
Results / clinical comparison,Clinical+Core-7 AUC (95% CI),HITS_BMC_MINOR_REVISION_WP2_TARGETED_ANALYSES/04_CLINICAL_INCREMENTAL/CLINICAL_INCREMENTAL_PERFORMANCE_CANONICAL.csv,"0.730296556508716 [0.7007148111291693,0.7554028826336779]",0.730 (0.701-0.755),YES
Results / clinical comparison,Clinical+Enhanced AUC (95% CI),HITS_BMC_MINOR_REVISION_WP2_TARGETED_ANALYSES/04_CLINICAL_INCREMENTAL/CLINICAL_INCREMENTAL_PERFORMANCE_CANONICAL.csv,"0.740699343310318 [0.7122190127169841,0.7700134176405231]",0.741 (0.712-0.770),YES
Table 3 / Figure 5,Symmetric +/-182-day guard-band: PIV AUC (95% CI),HITS_BMC_MINOR_REVISION_WP2_TARGETED_ANALYSES/11_FIGURE5/FIGURE5_FINAL_CI_TABLE.csv,"0.699058609170969 [0.650921674353409,0.745437524599867]",0.699 (0.651-0.745),YES
Table 3 / Figure 5,Symmetric +/-182-day guard-band: Core-7 AUC (95% CI),HITS_BMC_MINOR_REVISION_WP2_TARGETED_ANALYSES/11_FIGURE5/FIGURE5_FINAL_CI_TABLE.csv,"0.701320983905254 [0.650080019451177,0.748251735919546]",0.701 (0.650-0.748),YES
Table 3 / Figure 5,Symmetric +/-182-day guard-band: Enhanced AUC (95% CI),HITS_BMC_MINOR_REVISION_WP2_TARGETED_ANALYSES/11_FIGURE5/FIGURE5_FINAL_CI_TABLE.csv,"0.719283328272092 [0.673123318912843,0.764397320695994]",0.719 (0.673-0.764),YES
Table 3 / Figure 5,High-specificity phenotype: PIV AUC (95% CI),HITS_BMC_MINOR_REVISION_WP2_TARGETED_ANALYSES/11_FIGURE5/FIGURE5_FINAL_CI_TABLE.csv,"0.749370974235105 [0.69615521037182,0.799719177742511]",0.749 (0.696-0.800),YES
Table 3 / Figure 5,High-specificity phenotype: Core-7 AUC (95% CI),HITS_BMC_MINOR_REVISION_WP2_TARGETED_ANALYSES/11_FIGURE5/FIGURE5_FINAL_CI_TABLE.csv,"0.770179146537842 [0.717625941774559,0.820297985016248]",0.770 (0.718-0.820),YES
Table 3 / Figure 5,High-specificity phenotype: Enhanced AUC (95% CI),HITS_BMC_MINOR_REVISION_WP2_TARGETED_ANALYSES/11_FIGURE5/FIGURE5_FINAL_CI_TABLE.csv,"0.786860909822866 [0.736219137109494,0.831315509823214]",0.787 (0.736-0.831),YES
Table 3 / Figure 5,Conservative +/-365-day buffer: PIV AUC (95% CI),HITS_BMC_MINOR_REVISION_WP2_TARGETED_ANALYSES/11_FIGURE5/FIGURE5_FINAL_CI_TABLE.csv,"0.698044186888808 [0.638394129354164,0.753711901719186]",0.698 (0.638-0.754),YES
Table 3 / Figure 5,Conservative +/-365-day buffer: Core-7 AUC (95% CI),HITS_BMC_MINOR_REVISION_WP2_TARGETED_ANALYSES/11_FIGURE5/FIGURE5_FINAL_CI_TABLE.csv,"0.683737776168055 [0.621764864864865,0.743850411320879]",0.684 (0.622-0.744),YES
Table 3 / Figure 5,Conservative +/-365-day buffer: Enhanced AUC (95% CI),HITS_BMC_MINOR_REVISION_WP2_TARGETED_ANALYSES/11_FIGURE5/FIGURE5_FINAL_CI_TABLE.csv,"0.69934806229627 [0.639396813267357,0.756260885819845]",0.699 (0.639-0.756),YES
